23,"Verjetno lahko pričnemo, da bomo zopet nekje dobili majhno črno piko, češ da tudi naš Zbor združenega dela velikokrat kasni s pričetkom dela."
20,"Upam, da se držimo akademske četrt ure, kar je pa nad akademsko četrtjo, pa verjetno ni čisto v naših močeh."
4,63 nas je prisotnih.
36,"In kakor vam je znano spoštovane poslanke in poslanci, dragi gostje in novinarji, moramo opraviti še nadaljevanje prejšnje seje, tako da imamo za dobro uro dela še z ostankom iz prejšnje, 11. seje Zbora združenega dela."
6,Nam sta takrat ostali dve točki.
12,"Najprej predlog zakona o zasebnem delu in pobude, predlogi in vprašanja delegatov."
72,"Delno smo to točko že poravnali in zato bi predlagal, glede na to, da je delegat Franc Grašič pobudo oziroma stališče na odgovor v zvezi z zakonom o računovodstvu in pobudo za prenehanje veljavnosti zakona o zagotovitvi sredstev za graditev objektov že oddal, imamo tudi pobudo Romana Jakiča, pobude delegata Jožeta Arzenška, zopet Franca Grašiča, Franca Boštjančiča in Antona Slapernika v zvezi s problematiko prilagajanja slovenskih podjetij na intervencionistično ukrepanje Republike Srbije."
5,In prejeli smo dva odgovora.
27,"Odgovor Vlasti Sagadin in Petru Starcu in bi predlagal, da pobud ne bi več obravnavali, ampak bi imeli pobude v okviru naše 12. seje Zbora združenega dela."
4,Se s tem strinjate?
1,Hvala.
9,Nihče ne nasprotuje in bi pričeli takoj s 15.
12,"TOČKO DNEVNEGA REDA prejšnje seje, to je PREDLOG ZAKONA O ZASEBNEM DELU."
8,"Predlagatelj je skupina delegatov, skupino vodi Janez Kopač."
5,Želi mogoče gospod Kopač besedo?
6,"Hvala lepa za besedo, gospod predsedujoči."
4,Spoštovane poslanke in poslanci!
35,"Po 14. mesecih je pred vami predlog zakona o zasebnem delu in verjetno ste se na tak ali drugačen način že vsi seznanili z njim, zato bi rad povedal samo nekaj splošnih besed o njem."
32,"To je zakon, ki naj bi bil splošni zakon za registracijo in status fizičnih oseb, torej je njegov antipool na eni strani zakon o podjetjih in na drugi strani zakon o zavodih."
13,"Torej antipool s sistemskim zakonom, ki ureja status in pa registracijo pravnih oseb."
43,"Kot tak je zelo splošen, se ne vmešava v nobeno od posameznih dejavnosti, v nobeno od področij, niti v obrtno, niti v zdravstveno, niti v šolsko, niti v katerokoli drugo, temveč ureja samo splošne pogoje, kot sem že omenil, za registracijo in status."
34,"Zakon se je nam predlagateljem zdel potreben zaradi tega, ker ta status in registracija za fizične osebe nista urejena v nobenem drugem zakonu, čeprav so seveda fizične osebe imele pravico poslovati na nekaterih področjih."
24,"Ta področja so bila takoimenovano področje obrti, ker je obrtni zakon urejal status in registracijo za vse fizične osebe na področju takoimenovanih gospodarskih dejavnosti."
5,Zdaj se obrtni zakon spreminja.
61,"Zadnjič je bil sprejet predlog za izdajo, mislim, da tudi na vašem zboru, in bo urejal samo še svoje področje, torej samo obrt, to je tisto specifično dejavnost, ne pa cel kup stvari, ki so sedaj se vodili ali pa tretirali kot obrt in v bodoče več ne bodo imele mesta v tem zakonu, ki tudi ne bo statusni in registrski."
49,"Drugi tak zakon je bil zakon o samostojnih kulturnih delavcih, ki je omogočal status in registracijo fizičnih oseb, ki so se ukvarjale z neko kulturno dejavnostjo in so po dobrohotnem mnenju Sekretariata za kulturo, ali pa po nedobrohotnem, pač te fizične osebe imele pravico se registrirati ali pa ne."
23,"Odkar ta zakon velja npr. je 178 oseb bilo zavrnjenih, torej jim ni bila omogočena registracija, da bi se registrirali kot fizične osebe."
55,"Torej ni jim bilo omogočeno, da bi se ukvarjali z neko dejavnostjo kot fizične osebe in če bi ta zakon o zasebnem delu obstajal že mnogo let, bi seveda teh 178, ki so jim zavrnili, torej zavrnitev je nekaj drugega, kot tisto, da vržejo v koš, ker ni ustrezna vloga, bi ti ljudje lahko poslovali."
14,Potem je še nekaj zakonov urejalo status in registracijo fizičnih oseb na posameznih področjih.
47,"To je zakon o ribištvu za zasebne ribiče, to je zakon o gradnji objektov (daljši naslov je), ki je omogočal nekaterim arhitektom, da so se registrirali kot fizične osebe, in potem še zakon o pravni pomoči, ki je omogočal, da so se kot fizične osebe registrirali odvetniki."
28,"Zakon o zasebnem delu naj bi zdaj omogočil delovanje in registracijo vsem fizičnim osebam na vseh področjih, razen tistih, ki so posebej z zakonom prepovedana za fizične osebe."
14,"To so pa tista, ki so nevarna obrambni sposobnosti države, zdravju in življenju ljudi."
4,Taka je ustavna norma.
45,"Po drugi strani pa se ne vtika v nobeno od področij, ki že imajo urejen status, ker zakon pričakuje oziroma predlagatelji zakona pričakujemo, da se bodo področni zakoni, ki so sedaj poleg svojega področja urejali tudi status fizičnih oseb, tako ali tako v kratkem menjali."
23,"Izjema sta 28. in pa deloma 29. člen, ki se nanašata na to, ki predvidevata, da se ukine zakon o samostojnih kulturnih delavcih."
14,"To pa iz enega razloga, ki je drugačen od, bom rekel, ki je specifičen."
17,"Gre za to, da so se samostojni kulturni delavci lahko na podlagi tega zakona registrirali kot kulturniki."
6,Naš zakon pa temelji na poklicih.
18,"Torej, nekdo se lahko registrira kot samostojni pisatelj, samostojni slikar, samostojni ne vem kaj, ne pa kot kulturnik."
47,"Kar je vrednostna kategorija in ne statistična in če ostane ta zakon (in na Zboru občin je bilo izglasovano, da ostane, vse drugo je bilo v skladu z željo predlagatelja izglasovano), potem se seveda ne bo zgodilo nič tragičnega, le to, da se bosta vodila dva registra."
21,"Eden bo na občini za, bom rekel, za samostojne pisatelje itd., eden bo pa pri Sekretariatu za kulturo za samostojne kulturnike."
13,"Najbolj pomembno je, da pač lahko vsi delajo, če lahko od tega živijo."
18,"Zdaj pa na kratko še o mnogih pripombah, ki so se nabrale skozi teh štirinajst mesecev obravnave zakona."
8,Pred vami je tudi kar nekaj vloženih amandmajev.
12,"To so amandmaji Zakonodajno-pravne komisije, s katerimi se predlagatelji - z vsemi strinjamo."
15,"Skupaj smo jih oblikovali, z nekaterimi smo oboji enako nezadovoljni, z nekaterimi smo oboji zadovoljni."
13,"Nekateri so pravno sistemske narave, nekateri tudi ne, vendar z amandmaji se strinjamo."
6,Tukaj so amandmaji Izvršnega sveta - trije.
19,"Tretjega je Izvršni svet že umaknil, to je na 29. člen, zato ker je Zakonodajno-pravna komisija naredila boljši amandma."
40,"Drugi amandma je pravzaprav res bil poslan od Izvršnega sveta, vendar na seji Izvršnega sveta ni bil obravnavan in ga je potem neka nevidna roka, potem ko je Peterle že podpisal dopis, ki naj bi šel v skupščino, še dodala."
11,Zdaj je tukaj pred vami in se bo o njem glasovalo.
29,"Potem so pa tukaj še amandmaji mojega kolega iz stranke Romana Jakiča, s katerimi se predlagatelji strinjamo, čeprav bi jih lahko prinesli prej kot na koncu teh štirinajstih mesecev."
15,"To sta dva amandmaja, ki ste ju danes dobili in se nanašata na žene zasebnikov."
21,"Potem so pa tukaj že amandmaji Odbora za obrt in podjetništvo, s katerimi se pa predlagatelji deloma strinjamo, deloma pa ne."
22,"Strinjamo se s tistimi, ki jih je podprla tudi Zakonodajno-pravna komisija, s tistimi, ki jih pa ni podprla se pa ne strinjamo."
12,"Gre pa za dva problemska sklopa, ki sta potem sproducirala toliko amandmajev."
7,En problemski sklop so takoimenovane dopolnilne dejavnosti.
20,"Zakon predvideva, da je seveda tako kot dosedaj dovoljeno opravljati neko dejavnost tudi dopolnilno, kar pomeni popoldansko, ob soglasju delodajalcu."
8,"Če ta soglasje prekine, se prekine tudi status."
44,"Odbor za obrt in podjetništvo je predlagal, da se ta določba 3. člena črta, s čimer bi po tem, ko bi ugasnil sedanji obrtni zakon, v Sloveniji prepovedali popoldansko obrt, torej dopolnilno opravljanje dejavnosti, kar bi se zgodilo približno v dveh, treh, štirih mesecih."
78,"Predlagatelji se s tem absolutno ne strinjamo, ker menimo, da je to eden od dopolnilnih virov preživljanja približno sedaj 10.500 slovenskih družin, zato ker omogoča večjo fleksibilnost v posameznih podjetjih, da se razbremenijo odvečne delovne sile, saj osnutek zakona o zaposlovanju in zavarovanju za primer brezposelnosti predvideva, da najprej izgubijo službo tisti, ki imajo popoldansko obrt in iz razloga, da nekateri, ki pač želijo delati še več kot je njihov poln delovni čas, naj to možnost seveda imajo."
5,Poseben problem so tukaj upokojenci.
46,"Vendar ta zakon njihovega problema ne more reševati, ki jim mora še posebej biti omogočena takoimenovana popoldanska obrt, saj je znano, da se pri nas ljudje upokojujejo dokaj mladi glede na zahodne razmere, da so še precej aktivni in da bi lahko še seveda naprej delali."
24,"Drugi problemski sklop, ki je sproduciral nekaj amandmajev, ki so pred vami, so s strani Odbora za obrt in podjetništvo, pa je število zaposlenih."
24,"Zakon predvideva, da je zgornje število zaposlenih pri fizični osebi 10 in prepušča področnim zakonom, da če hočejo to število zvišati, da pač zvišajo."
15,"Teze obrtnega zakona, ki so že bile v obravnavi predvidevajo, da je to število 20."
23,"Nek drugi področni zakon, npr. o zdravstvu bo morda prinesel številko 12, nek tretji bo morda številko 15, nek četrti morda številko 30."
11,"Vendar za tiste, ki nimajo področnih zakonov, je predvidena številka 10."
11,V čem je bil problem na Odboru za obrt in podjetništvo?
9,"Pravijo, naj ne bo nobenega limita za število zaposlenih."
21,"Limita za število zaposlenih seveda ni v zasebnem podjetju, ki ima lahko, če hoče, 10.000 zaposlenih in ima enega samega lastnika."
8,Pri fizičnih osebah pa je potreben limit zaposlitve.
33,"Prvič ga predvideva ustavna norma - 24. amandma k slovenski ustavi - drugič je treba zaradi pravne varnosti imeti neko mejo, saj obstaja meja, pri kateri se način poslovanja mora prilagoditi neki drugi organizacijski shemi."
3,Kaj hočem povedati?
49,"Nemogoče je npr. imeti neko fizično osebo in temeljna lastnost, pardon, fizične osebe je v tem, da ima en žiro račun, da je prelivanje njegovega poslovnega in zasebnega premoženja dnevno, pri pravni osebi ima pa pravna oseba svoj žiro račun, lastnik pravne osebe pa ima svoj, zasebni žiro račun."
28,"Torej pri dnevnem prelivanju poslovnega in zasebnega premoženja je nemogoče recimo dopustiti, da ima neka fizična oseba na svojem zasebnem žiro računu npr. na grbi recimo 100 zaposlenih."
4,To enostavno ne gre.
9,Organizacijska oblika poslovanja pri večjem številu zaposlenih je drugačna.
25,"Nekoč je pač treba uvesti npr. kadrovsko službo, je treba uvesti računovodstvo itn., itn.; pri majhnem številu zaposlenih, pri majhnem obsegu poslovanja je to vseeno."
16,"Res je tudi to, da v vseh zahodnih zakonodajah obstaja ta limit, vendar je različno urejen."
7,V Italiji npr. je različen po dejavnostih.
11,"Pri transportu pravijo, dve ali se mi zdi tri transportne posadke."
18,"Zdaj če je to, če ima tri avtobuse, so to trije, če ima kaj drugega jih je več."
27,"Potem v Avstriji npr. je tam, kjer je rokodelska dejavnost jih je 25, tam kjer je maloserijska izdelava jih je ne vem 15 ali 16, nekaj podobnega."
4,Torej limit mora biti.
36,"Predlagatelju je popolnoma vseeno, če je ta limit tudi višji od 10, vendar amandmaja v tej smeri ni bilo; torej če je npr. 15 ali pa 20 ali pa morda celo 25, vendar limit mora biti."
28,"No Odbor za obrt in podjetništvo je predlagal, da limita sploh ni in zato se z amandmajem tako Zakonodajno-pravna komisija, kot Izvršni svet, kot predlagatelji nismo mogli strinjati."
32,"Ta amandma je pa potem sproduciral še v naslednjih členih, ki so vezani na ta člen, kjer je ta limit zapisan, še nekaj amandmajev, zato se ne ustrašite vsega tega števila amandmajev."
35,"No za konec bi morda, verjetno se bo pojavila še kakšna razprava, vendar bi želel, da s strpnostjo greste skozi te amandmaje in da zakon po tej 14-mesečni obravnavi v stari in novi skupščini sprejmete."
2,Hvala lepa.
3,Hvala gospod Kopač.
41,"Predlog zakona ste prejeli, prejeli ste tudi amandmaje Izvršnega sveta k 25., 28. in 29. členu, prav tako ste prejeli poročilo Zakonodajno-pravne komisije, v katerem predlaga amandmaje k 1., 6., 13., 15., 25. in 27. členu predloga zakona ter redakcijske popravke."
23,"Za te popravke predlagamo, da pooblastimo komisijo, da bi pri pripravi besedila zakona za objavo v uradnem listu Republike Slovenije te popravke upoštevala."
10,"Ali se strinjate, da ne bi o njih posebej glasovali?"
1,Hvala.
23,"Prejeli ste tudi dodatno poročilo Zakonodajno-pravne komisije z dne 20.11.1990, v katerem predlaga dodatne amandmaje k 3., 4., 11., 17. in 29. členu."
21,"Prav tako ste prejeli poročilo Odbora za kulturo in varstvo kulturne dediščine, v katerem predlaga amandmaje k 28. in 29. členu."
16,"Naj pri tem opozorim, da je amandma odbora k 28. členu povsem enak amandmaju Izvršnega sveta."
30,"Prejeli ste tudi poročilo Odbora za podjetništvo in obrt, ki predlaga amandmaje k naslovu k 2., 3., 5., 7., 8., 9., 10., 12., 13., 21., 22., 24. in 27. členu."
14,Navedene amandmaje je obravnavala tudi Zakonodajno-pravna komisija; njeno poročilo ste 11.12. prejeli na klop.
40,"V njem je ta komisija dala še amandmaje k 6., 8., 13., in 5. poglavju in k 22. členu, tako da so tu še dodatni sedaj amandmaji gospoda Romana Jakiča, k 10. členu, k 12. členu in k 20. členu."
62,"Tu so še dodatno 3., tako da gre tu dejansko za kopico amandmajev, ki skupaj sešteti znašajo več kot 30 in zato se z gospodom Kopačem zelo strinjam, da bi bili pri obravnavi tega zakona strpni, umirjeni in da bi pač pogledali, kaj je za nas sprejemljivo, to tudi potrdili, kaj pa ne, pa bomo tako, kot se pač dela, tudi odklonili."
10,Predstavnik Izvršnega sveta želi mogoče besedo (v tem primeru predstavnica).
4,Spoštovane poslanke in poslanci.
47,"Menimo, da je predlog zakona o zasebnem delu sprejemljiv, saj celovito določa status fizičnih oseb, še bolj, ker je predlagatelj pri ponovni pripravi predloga v celoti upošteval amandmaje vsebinske narave Izvršnega sveta, ki jih je bilo v predhodni fazi kar 27, sedaj jih je pa majhno število."
54,"Menim, da je potrebno poudariti, da se kot Izvršni svet zavzemamo za legalizacijo vseh oblik dela, tudi popoldanskega dela, saj menimo, da je potrebno z davčno zakonodajo odpraviti morebitne nelojalnosti ali nepravice, ki nastajajo na tem področju, ne pa ukinjati možnost dodatnega dela v tem kriznem obdobju ter s tem pospeševati in odpirati šušmarjenje."
15,"Predlagam vam, da se odločite za sprejem tega zakona in o vsakem amandmaju posebej glasujete."
1,Hvala.
2,Hvala lepa.
4,Želijo poročevalci delovnih teles?
3,Najprej gospod Rogina.
6,"Spoštovani predsednik, spoštovani poslanci in poslanke!"
12,Odbor za obrt in podjetništvo je matični odbor za sprejem tega zakona.
20,"Na svoji seji je obravnaval predlog zakona o zasebnem delu, ki so ga Skupščini Republike Slovenije predložili poslanci Liberalno-demokratske stranke."
29,"Člani odbora so uvodoma ponovno razpravljali o potrebnosti tega zakona, o njegovi vlogi in pomenu v odnosu do področnih zakonov, predvsem družbenih dejavnosti ter odnosov do obstoječega obrtnega zakona."
17,"Posebej so bila podana posamezna mnenja, da bi bilo materijo vsaj začasno smiselno urejati v obrtni zakonodaji."
25,"Podani so bili tudi predlogi za umik tega zakona z dnevnega reda zasedanja z namenom, da se obravnavo in sprejem poveže v spremenjeno področno zakonodajo."
42,"Ker bo sprejem obravnavanega zakona omogočil vsem, ki to želijo, pravico, da se registrirajo ter opravljajo tudi tiste dejavnosti, ki jih dosedaj ni bilo mogoče, je prevladalo stališče, da se predlaga zborom, da predlog zakona o zasebnem delu obravnavajo skupaj z amandmaji."
26,"Iz te diskusije je nekako izhajalo po obrazložitvi predlagatelja, da ta zakon pravzaprav ne ureja nobene dejavnosti posebej, ampak ureja in omogoča samo registracijo posameznih dejavnosti."
29,"Zato je bil odbor mnenja, da bi kot prvo morali spremeniti naziv tega zakona in nekako smo se odločili, da bi rekli, da je to zakon o registraciji zasebnikov."
23,"Osnovne dileme, ki so v obdobju prišle na dan so bile nedvomno to, kar je omenil že predstavnik predlagatelja, popoldansko delo, šušmarjenje itd."
28,"Nekako je prevladalo stališče, da ob 50.000 nezaposlenih Slovencev ni možno zopet institucionalizirati popoldanske obrti, ki bi 10.000 in toliko že zaposlenim Slovencem dajala možnost tudi popoldanskega dela."
65,"Ker po tem zakonu nihče v tem trenutku ne izgubi pravice do popoldanskega dela, ampak jo uvaja na novo za tiste, ki še niso registrirani iz razno raznih dejavnosti, tudi iz družbenih dejavnosti, smo zelo odločno prepričani, da ne smemo na novo nekje dati ene nove oblike dela, to je popoldanskega dela, ker bo potem to potrebno tudi v obrtnem in vseh ostalih področnih zakonih."
13,"Moram reči, da je predstavnik predlagatelja rekel, da ne bo več obrtnega zakona."
14,Obrtni zakon se pripravlja nov in tudi tam naj bi bila ta materija urejena.
50,"Verjetno pa tako, ker je v obrti sedaj teh popoldanskih dejavnosti precej, da bo tu moralo biti neko predhodno obdobje, v katerem se bodo ti popoldanski obrtniki pač odločali o tem, ali bodo šli s svojo popoldansko dejavnostjo v redno obrt ali pa jo bodo v nekem času morali odjaviti."
32,"Mislim pa, da s čisto nacionalnega pogleda je v tem trenutku treba skrbeti za to, da bodo vsi nezaposleni Slovenci dobili delo, ne pa da bodo že zaposleni dobili tudi popoldansko obrt."
4,To je en del.
15,"Trditev, da bi se z ukinitvijo te popoldanske obrti povečalo šušmarjenje, je za lase privlečena."
41,"Nova davčna zakonodaja namreč uvaja en sistem, po katerem se bo vsak državljan moral z dokazili boriti za to, da bo znižal davčno osnovo in v tem primeru me nihče ne more prepričati, da se bo šušmarjenje lahko povečevalo, ravno obratno."
4,Mora se ga izkoreniniti.
10,Nekaj pa vedno in povsod v vsakem sistemu tega ostaja.
23,"Jaz vam tu predstavljal ne bi posameznih amandmajev, ki smo jih v odboru sprejeli, ker ste dobili poročilo in so ti amandmaji notri."
38,"Res pa bi želel, da se zelo poglobljeno danes pogovorimo o vprašanju popoldanske obrti, ker če jo damo v ta prvi sistemski zakon, potem jo bomo morali dati tudi v vse ostale, ki prihajajo iz obrtnega in področnega."
1,Hvala.
1,Hvala.
4,Prvi je gospod Jakič?
7,Torej gospod Jakič kot predlagatelj treh amandmajev.
3,Hvala za besedo.
42,"Spoštovani, jaz sem v bistvu zato prosil za besedo, ker v gradivu nisem našel teh treh amandmajev, ki sva jih skupaj z Metko Mencin včeraj oddala v glavni pisarni, gre pa v bistvu za dosti bolj take stilistične ali pa redakcijske popravke."
43,"Namreč amandma k 10. členu predlagava, da se v prvem odstavku za besedo ""zakonec"" doda besedilo ""ali oseba, ki z zasebnikom živi v izvenzakonski skupnosti""; v tretjem odstavku pa se za besedama ""porodniškega dopusta"" doda besedilo in ""dopusta za varstvo in nego otroka""."
39,"Obrazložitev: prvo dopolnitev predlagava, ker bi z njo veljale enake pravne posledice za izvenzakonsko skupnost tudi na področju, ki ga ureja ta zakon, to pa je tudi v skladu z 12. členom zakona o zakonski zvezi in družinskih razmerjih."
39,"Druga dopolnitev pa je potrebna, ker po zakonu o delovnih razmerjih porodniški dopust traja le 105 dni, potem pa ima delavka ali delavec pravico do dopusta za varstvo in nego otrok, ki traja 260 dni, skupaj torej eno leto."
61,"To dobo je najverjetneje predlagatelj sicer imel v mislih, vendar se formalno ta dopust še vedno imenuje porodniški dopust in dopust za varstvo in nego otroka in iz tega tudi predlagava, da se v amandma k 12. členu, da se pač v prvem in drugem odstavku za besedo ""zakonec"" doda to besedilo ""ali oseba, ki z zasebnikom živi v izvenzakonski skupnosti""."
21,"In pa tretji amandma na 20. člen, kjer se v drugi alinei doda besedilo ""in dopusta za varstvo in nego otroka""."
14,"Jaz mislim, da s temi tremi amandmaji bomo imeli najmanj dela v tem parlamentu."
1,Hvala.
2,Gospod Puc.
7,Jaz bi nekako spregovoril o popoldanski obrti.
17,"Torej jaz s tistim, kar je povedal predsednik Odbora za obrt in podjetništvo, se v vsem strinjam."
7,Dodatno okrog popoldanske bi pa tole povedal.
24,"Namreč čudim se predlagatelju, pa tudi našemu Izvršnemu svetu, da ni pripravil ali pa je, pa nam ni dal na mizo, analize popoldanske obrti."
6,Namreč za našo občino jo imam.
48,"Moram povedati, da sem v naši občini preštel približno 65 popoldancev, od tega jih 15 približno s kakšnim 1000, 2000, 3000 din dela z občani, to se pravi neposredno kasira, vsi ostali delajo z družbenim sektorjem in nekateri imajo do zdaj tudi 800 tisoč, 900 tisoč din prometa."
13,"To pomeni, da bi ta lahko imel redno obrt in tudi dostojno živel."
29,"Iz tega izgleda, da je tisto, kar mi želimo povedati, da imajo popoldansko obrt samo tisti, ki delajo z družbenim sektorjem, tisti ki pa ""kasirajo"" neposredno občanom pa nimajo."
34,"Torej to šušmarstvo podpiramo, tudi Izvršni svet zagovarja, da se bo povečalo; se bo povečalo pri tem, ki že itak ""kasira"", tega že itak nihče ne kntrolira in ga tudi verjetno potem ne bo."
17,"Torej jaz predlagam, da se na tak način, kakor imamo zdaj popoldansko obrt, da se jo ukine."
37,"Rekel bom tudi to, zaradi mene tudi, če nekdo neko pipo zamenja, tudi če ni nič obdavčen, samo da je nekaj naredil ali pa če bi ob večji davčni inšpekciji ali po tržni, tudi to moralo biti."
30,"Mislim, da nimata ne Izvršni svet ne gospod Kopač kot predlagatelj prav in odločno ne podpiram, da bi bila popoldanska obrt tudi še v nadalje dovoljena, vsaj v taki obliki."
1,Hvala.
1,Hvala.
4,Še želi kdo razpravljati?
2,Gospod Rogina.
14,"Jaz bi samo še hotel dodati to, ker predlagatelj govori o omejitvi števila zaposlenih."
16,"Povsod po svetu v obrtni zakonodaji ni število zaposlenih cenzus, ki bi dajal neki dejavnosti status."
17,"Avstrijci to recimo že omejujejo, ampak finančno s prometom, ravno to kar je omenil tudi gospod Puc."
15,"Obseg finančnega prometa, ki ga neka dejavnost ustvarja, je lahko merilo tudi glede števila zaposlenih."
26,"Ne zdi se nam smiselno, da bi z omejevanjem števila zaposlenih določali status neki dejavnosti in verjetno je treba tudi o tem bolj poglobljeno danes spregovoriti."
2,Še kdo?
2,Gospod Drame.
6,"Spoštovani predsednik, spoštovani poslanci in poslanke."
29,"Jaz bi se tudi priključil svojim predgovornikom na njihovo izvajanje, kjer je tudi veliko pobud prišlo iz naše obrtne organizacije, ravno na to področje, ki obravnava popoldansko obrtno dejavnost."
33,"Če izhajamo iz tega, da je popoldanska obrt v posameznih občinah pač različno razvita, se vidi, da je njihovo število v zadnjih letih predvsem naraščalo v teh proizvodnih dejavnostih, ne pa v režijskih."
6,"Jaz mislim, da moramo pač prisluhniti."
20,"Seveda tu je velika, če rečem, tovarna ali pa delovna organizacija, preko 30.000 mogoče 33.000 je sedanje stanje slovenskih obrtnikov."
57,"In iz moje 55. volilne enote, ki obsega 18. občinskih združenj, je prišla iz večine pobuda, da se to dejavnost mora nekako zakonsko omejiti, ker ni nobenega opravičila, da bi nekdo pač užival dvojno socialno varnost, drugi bi pa seveda bil na drugi strani brez dela in pa seveda ali pa bi bilo to delo v pomanjkanju."
71,"No, če bi tukaj navedel še samo to, da bi bilo treba v zakonu vgraditi, take so bile pač pobude, da ne bi mogel tisti opravljati seveda, ki ima naziv zaposlenega delavca, da bi bilo to predvsem za druge kategorije, mogoče upokojene ali ne vem na kakšne kategorije ali tiste, ki mogoče še študirajo ali pa ne vem kaj, ne pa tisti, ki nosi naslov rednega zaposlenega iz rednega delovnega razmerja."
15,"No, jaz tudi dajem pripombo tudi na ta člen, ki omejuje število zaposlenih v obrti."
26,"Jaz mislim, da je to že preživela stvar in da v tej situaciji ne bi bilo niti potrebe, da bi se z zakonom to število omejevalo."
2,Hvala lepa.
13,"Če lahko gospod Kopač, bi počakali, da bi še drugi končali, prosim da."
2,Gospod Prelovec.
3,"Spoštovane poslanke, poslanci."
41,"Jaz sem dolžan v imenu Zveze obrtnih združenj Slovenije tudi nastopiti ravno v zvezi s tem, bom rekel, mogoče malo žaljivim konstruktom, ki je produkt ene dobe, ko je bilo obrtništvo ali pa delo v obrti dovoljeno le kot izredno delo."
34,"Tudi ustava je bila tako naravnana, da se je obrtnik bil, da je obrtnik lahko dobil dovoljenje za delo samo izredno, to se pravi, to delo je bilo v tem času dovoljeno le izredno."
4,"Pazite, kaj je nastalo?"
29,"Zaradi takih posledic je neminovno ostalo, na našem trgu so nastale ogromne vrzeli, to se pravi, mi nismo imeli obrtnikov, mi nismo imeli ljudi, ki bi opravljali ta dela."
31,"No, da bi se takšno stanje odpravilo čim prej, je prišla tedanja oblast tudi na idejo, naj bi se dovolilo ljudem, tistim, ki so redno zaposleni, tudi delo v popoldanskem času."
6,To je zdaj ta kamen spotike.
41,"To delo pa je bilo, jaz se še spominjam, ko smo ta zakon sprejemali, je bilo mišljeno tista drobna uslužnostna obrt, nikakor pa ne tista serijska proizvodnja odnosno, da so ljudje že prišli v sfere visokih produktivnih delavnic v popoldanskem času."
32,"Dopoldne so si ""rihtali"" delo v službi in popoldne pa je doma v garažah tekla proizvodnja in zato niso plačevali niti temu adekvatnih davkov, kaj pa šele socialnega zavarovanja in zdravstvenega zavarovanja."
34,"To je že prešlo takšne meje, da so bile pritožbe, ki so prihajale na skupščino tudi že iz zveze Obrtnih združenj Slovenije, ne samo v letošnjem letu, recimo tudi še leto ali dve nazaj."
23,"Štiri, pet let nepretrganih pritožb na to, naj se vendar to vprašanje legaliziranega šušmarstva, tako kot smo mi to klicali, uredi, zakonsko uredi."
47,"Jaz mislim, da zdaj, ko predlagamo takšne zakone, ki bodo regulirali vse mogoče veje dejavnosti, da nimamo nobene potrebe več, da bi nekdo bil nekaj vmesnega, to se pravi nekaj, da je v službi, pa ni obrtnik, pa je obrtnik, pa ni v službi pa tako naprej."
20,"Mislim, da nekaj takega, neko tako zadevo uvajati zdaj v zakon, ki se zdaj izdaja, mislim, da je to neprimerno."
6,"Drugo, kar bi imel še pripomniti."
34,"V času takšne strahovite brezposelnosti, kakor se nam obeta in ki je že prisotna v našem prostoru, res ne bi kazalo postavljati v nobeno zakonodajo nekih omejitvenih faktorjev - do toliko pa nič več naprej."
26,"Ker mislim, bodo le ljudje ambiciozni, bodo zaposlovali, se bodo našli ljudje, ki to mislijo delati in ne bi veljalo njim že zdaj omejevati mejo zaposlovanja."
48,"Mislim, da to ni v redu, bodo drugi instrumenti, ki bodo spremljali vseh vrst dejavnosti in bodo normalni prehodi iz enih produktivnih sfer v druge, to se pravi iz obrtniške v podjetniške, to bo normalno prehajalo, to bo tržno, kakor se reče, tržni vplivi bodo v to silili."
10,"Jaz mislim, da z zakonom omejevati, da je to nepotrebno."
2,Hvala lepa.
20,"Jaz bi želela samo poudariti, ker vidim, da v razpravi prihaja do zmešnjave in ponovnega mešanja obrti in zasebnega dela."
8,To sta dve po vsebini povsem različni področji.
15,"Zasebno delo, to je ""le generalis"", ki bo le na splošno določal status fizičnih oseb."
36,"Zakon o obrti, ki se že sprejema, prvo fazo ste že sprejeli kot predlog za izdajo, pa je tisti zakon, ki bo določal dejavnost, obrtno dejavnost, obrti podobno dejavnost, vse specifičnosti, ki sodijo v to področje."
3,Pa še nekaj.
46,"Glede tako imenovane popoldanske obrti, ki je tako sporna pri sprejemanju tega zakona; pri pripravi obrtnega zakona prej je naš sekretariat izdelal informacijo o odprtih vprašanjih na področju drobnega gospodarstva, prav tudi glede tega področja kako je v bistvu na terenu glede nadaljnjega obstoja tega instituta."
21,"Moram vam reči, da so se številna vprašanja pač lotevala popoldanske obrti, določene sfere želijo še naprej obdržati ta institut nespremenjen."
26,"Takšen kakršen je zdaj, bo vpeljan v obrtnem zakonu, druga enako močna skupina se zavzema za ukinitev tega instituta, tretja pa za časovno limitiranje tega instituta."
10,Zato tudi predlog za izdajo obrtnega zakona vsebuje variante rešitve.
16,Vendar ponovno poudarjam: obrt kot popoldanska dejavnost oziroma postransko opravljanje dejavnosti ni bila vpeljana od nekdaj.
24,"Leta 1964 je zakon omogočil ljudem, da so lahko začeli popoldansko delati in to na njihove pritiske na zakonodajalca, da se to končno legalizira."
20,"Zdaj je pa pred vami, da se odločite, kaj v bistvu storiti s tem očitno zelo perečim in odprtim vprašanjem."
1,Hvala.
1,Hvala.
13,"Še preden bi gospod Kopač prevzel besedo, naj povem še samo nekaj stavkov."
36,"Najprej se mi zdi, da v našem zboru, jaz bom skušal biti zdaj trd pa krut, moramo sami razčistiti s seboj to, da se bo v prihodnje pričelo pri odločanju tudi odločati o svojih individualnih koristih."
17,"Marsikdo mogoče med nami ali pa od tistih, ki nas zdaj posluša bo moral to dvoživkarstvo preseči."
41,"In tu je zdaj prvo, na kar bi vas rad opozoril, da moramo mi pri sprejemanju takšnega zakona gledati na objektivne razmere, v katere mi prihajamo in moramo samega sebe izločiti iz tega (mogoče v narekovaju) koristoljubnega koristolovnega, če hočete, odločanja."
27,"Vi sami veste, da smo že marsikdaj slišali, da v marsikaterem parlamentu ali parlament ali pa vlada ne sprejema nečesa, kar je njim nekaterim osebno v korist."
10,"To je prvo vprašanje, ki ga moramo mi prvi razčistiti."
2,In drugo.
51,"Mi moramo gledati to naprej zaradi tega, ker ekonomske zakonitosti morajo biti za vse enake in mi hočeš nočeš s tem, kar predlaga tudi gospod Kopač, delimo ljudi na dva sloja: na tiste, ki bodo delali in bodo še dodatno lahko nekaj delali, nekateri pa tega seveda ne bodo mogli delati."
15,"Mi bomo s tem zakonom naredili ene še bolj bogate, ene pa še bolj revne."
25,"Jaz ne vem, če je to moralno, zlasti zaradi tega, ker gre tu za registrski zakon, ki ni kar tako sam po sebi nepomembna stvar."
8,"In še zaključno, kar sem menil tudi povedati."
41,"Če je tu zdaj 10.000 ljudi, ki to opravljajo in teh 10.000 ljudi ima še eno plačo v svojih podjetjih, zakaj ti ljudje ne bi delali normalno obrtno delo in bi imeli na tak način v fabrikah 5.000 novih delovnih mest."
10,Ali res nočemo tudi v našem zboru odpirati delovnih mest?
71,"In zato apeliram, da to, kar je predlagal - ne gre za noben strah pred konkurenco, to je izmišljena dilema, ki so jo izmislili tisti, ki nočejo - da bi to bilo sprejeto, da mi podpremo to, kar je predlagal naš Odbor za obrt in podjetništvo, ne pa da bomo zopet podpirali majhne skupine, ki se lahko v Sloveniji bogatijo, krivi pa bomo vsi ti, ki bodo pa za takšno bogatenje dvignili roke."
2,Gospod Rogina.
16,"Tu se ponovno odpirajo dileme, kot smo jih že odpirali na Odboru za obrt in podjetništvo."
15,"Jaz postavljam tovarišici iz Izvršnega sveta vprašanje, na katero pa od nje ne želim odgovora."
21,"Če govorimo o zakonu o zasebnem delu ali o zakonu o registraciji zasebnikov, ali mi upa reči, da obrtnik ni zasebnik?"
3,To je prvič.
21,"2. Mislim, da je prav smešno razmišljati o tem, da bi v enem zakonu popoldansko obrt dovolili, v drugem pa prepovedali."
69,"Začenjamo serijo zakonov, kjer moramo zavzeti eno jasno stališče, ali bomo v Sloveniji imeli kategorijo ljudi, ki bodo imeli dopoldan službo, popoldan popoldansko obrt, s tem da v tem primeru delovna organizacija, v kateri redno delajo, prevzema ves riziko, predvsem zdravstveno zavarovanje, ker tudi poškodbe, bolezni itd., ki jih popoldanski obrtnik iztakne, bom rekel, v svoji popoldanski dejavnosti, plačuje ali pa nosi škodo delovna organizacija, v kateri delajo dopoldan."
22,"In drugo; imeli bomo pa kategorijo tistih, kot je rekel predsednik, ki ne bodo imeli dela niti popoldan niti dopoldan niti zvečer."
22,"O tem se moramo odločiti in potem v vseh zakonih imeti eno stališče, ne pa v enem zakonu tako v drugem drugače."
1,Hvala.
2,Gospod Kopač.
4,Hvala lepa za besedo.
8,Rad bi na kratko odgovoril na pripombe razpravljalcev.
54,"Najprej naj povem, da če kdo želi ukiniti popoldansko oziroma dopolnilno dejavnost, naj potem seveda strogo vpelje restriktivnost tudi pri ustanavljanju zasebnih podjetij, saj mislim, da odkar je omogočena registracija zasebnih podjetij je seveda možnost za registracijo podjetij pa tudi korist za posameznika večja in lažja in hitreje dosegljiva, kot pri registraciji dopolnilne dejavnosti."
43,"Torej, če si prizadevate, da se bo vsak ukvarjal izključno samo z eno zadevo, hodil izključno v eno službo in popoldne delal nekaj absolutno drugega ali ležal ali pil ali hodil na izlete ali počel karkoli, potem bodite dosledni še pri drugi zakonodaji."
1,Drugo.
6,Gospod Zupančič je izrekel modre besede.
6,Treba je pozabiti na zasebne koristi.
10,"Mislim, da je pri tem mislil na nekatere od razpravljalcev."
45,"Predlagatelji smo šli v izdelavo tega zakona pred štirinajstimi meseci kot v izdelavo projekta, ki bo dokončno razblinil socialistično-kardeljanski strah pred zasebniki in ni res, kot je dejal gospod Zupančič, da bodo eni bolj bogati in eni še bolj bogati, eni pa še bolj revni."
10,"Vsi bodo bolj bogati, če jim bo odprta možnost poslovanja."
11,In splošni statusni in registrski zakon to možnost na široko odpira.
33,"Če posamezna področna zakonodaja danes to eksplicitno še prepoveduje kot npr. zdravstvena, se bo v kratkem spremenila in takrat se bo naslonila na zakon o zasebnem delu in takrat bo to enostavno omogočeno."
9,Samo to sedaj nima nobene zveze s to razpravo.
17,"Samo da vam dam ilustracijo, ki je odgovor na nekatere razprave, ne današnje, o potrebnosti tega zakona."
48,"Če ne bi imeli zakona o podjetjih bi morali v zakonu o trgovini potem imeti posebej določbe, kaj je to delniška družba, kaj je družba z omejeno odgovornostjo itn., v zakonu o neki drugi dejavnosti, energetiki spet, kaj je delniška družba, kaj je družba z omejeno odgovornostjo itn."
23,"To je statusni in registrski zakon in ni res, da je zadosti, kot je dejal gospod Rogina, naslov zakona ""Zakon o registraciji zasebnikov""."
6,Zakon opredeljuje tudi splošne statusne karakteristike.
37,"Zatorej bi bil poln naslov, če bi že s tem tehničnim jezikom izrazili: ""Zakon o registraciji in statusu zasebnikov"", vendar mislim, da je glede na ustavno normo iz 24. amandmaja bolj primeren izraz ""Zakon o zasebnem delu""."
19,"Potem pa na vse te številne razprave o dopolnilni dejavnosti; dopolnilna dejavnost je inštitut, ki mislim, da je potreben."
6,In najprej v zvezi s šušmarstvom.
10,Če vi nimate možnosti registracije dopolnilne dejavnosti se šušmarstvo poveča.
3,To je dejstvo.
14,"In če nimate te možnosti, potem niti ne morete nagnati šušmarjev, da se registrirajo."
22,"Ker nekatere dejavnosti so pač take, da se od njih ne da živeti ali pa imajo nekateri pač samo majhen vir zaslužka."
44,"In če ga vi naženete, da se registrira, da plača davke - in po novi davčni zakonodaji so vsi prejemki enako obdavčeni, to se pravi, je pač odvisno od višine prejemka, ne pa od tega, iz katerega vira je - potem mislim, da je temu zadoščeno."
10,Po drugi strani pa problema šušmarstva ne rešuje ta zakon.
7,Samo registracija ga omogoča kot dopolnilno dejavnost.
10,"Problem šušmarstva morajo rešiti drugi zakoni, zakoni o inšpekcijah itn."
16,"Če pa še možnosti dopolnilne registracije ni, potem pa tudi tisti drugi zakoni nimajo kaj početi."
4,"Razen, seveda,absolutno prepovedovati."
20,"Mislim, da bi bilo izjemno ""nefair"", če bi v splošnem statusnem registrskem zakonu izrabili priložnost in bi prepovedali dopolnilno dejavnost."
10,Potem je gospod Drame rekel: upokojenci pa naj imajo možnost.
3,Naj jo imajo.
12,"Jaz sem tudi za to, vendar to spet ni problem tega zakona."
5,Ne moremo ga tukaj rešiti.
6,To je spet problem druge zakonodaje.
11,"Potem te diskusije, da ne bo sočasno sprejeto s področno zakonodajo."
26,"Nemogoče je čakati 50 pomembnih področnih zakonov, da se bodo vsi v enem dnevu spremenili in se bo sočasno sprejel še zakon o registraciji in statusu."
26,"Potem, tudi ta zakon šele omogoča, da se področna zakonodaja, kot sem že prej primer v zdravstvu omenil, da se spreminja, da se potem nasloni nanjo."
29,"Da ne govorim o posebnih registrih, pa o posebnih pogojih: to, da mora biti nekdo 18 let star, da mora imeti stalno ali začasno prebivališče v Republiki Sloveniji itn."
4,Očistimo področno zakonodajo tega.
6,Pustimo to statusnemu in registrskemu zakonu.
18,"Gospod Puc je omenil podatke iz občine Logatec, češ da popoldanski obrtniki v glavnem poslujejo z družbenim sektorjem."
7,"Jaz vam verjamem, on te analize ima."
40,"Ne vem, kakšne analize kje drugje, vendar pa vem, ker je omenil gospod Gros na zboru občin, da so popoldanski obrtniki davkoplačevalci, ki vsaj če se prav spominjam, je rekel, tako prinesejo več denarja kot redni obrtniki v občinski proračun."
36,"Potem, predstavnik, ki je govoril (ne vem njegovega priimka), ki je govoril v imenu Zveze obrtnih združenj Slovenije, je govoril o konstuktu, kar jaz res vzamem kot žalitev, saj zakon o podjetjih tudi ni noben konstrukt."
32,"Govoril je o izredni dovoljenosti obrtništva in popoldanske obrti, na kar mislim, da mu je odgovorila predstavnica Izvršnega sveta, govoril je o neplačevanju davkov s strani popoldancev, kar mislim, da ni res."
24,"Govoril je o tem, da naj se zakonsko uredi šušmarstvo in mislim, da je ravno sedaj eden od tistih korakov, ki bo to naredil."
42,"Moram pa omeniti to: opravljanje dopolnilne dejavnosti je možno samo na podlagi soglasja delodajalca (to je družbeno ali zasebno podjetje ali pa obrtnik oziroma sedanji obrtnik, bodoči zasebnik, ki se ukvarja s katerokoli dejavnostjo), da svojemu zaposlenemu dovoli opravljanje še popoldanske obrti."
16,"V tistem trenutku, ko mu to dovoljenje preneha, seveda preneha tudi možnost statusa opravljanja dopolnilne dejavnosti."
10,"Kar se pa tiče številke zaposlenih, pa naj omenim to."
34,"Tukaj je številka 10, kar pomeni, da nekdo, fizična oseba, ki na področju zakonodaje nima tega limita dvignjenega, kot na primer v obrtnem na 20, ko doseže to številko, se mora preregistrirati v podjetje."
4,Samo to je to.
21,"Ni pa nobene omejitve za zaposlovanje, bom rekel, pravnih ali fizičnih subjektov, ki jih ustanovijo občani oziroma, ki jih začnejo občani."
66,"No, in mislim, da sem s tem odgovoril na vse, ali pa da sem se vsaj dotaknil vseh pripomb in upam, da bo zmagal razum (ker mislim, da je tudi v zvezi s temi problemi, ki so se tukaj izkazali, potreben razum in ne omejevanje tega zakona, pač pa drugačne določbe drugih zakonov) in da boste zakon v predlagani obliki, skupaj z amandmaji Zakonodajno-pravne komisije, sprejeli."
2,Hvala lepa.
1,Hvala.
7,"Ali je res, da je še treba?"
2,Gospod Ban.
24,"Mi bi morali razpolagati z zelo konkretno oceno po občinah, kako te stvari stojijo in mislim, da bi to bila za nas prava orientacija."
37,"Sicer pa če gremo v Evropo, očitno bomo šli, se bomo najbrž morali zelo hitro zmeniti za evropski delovni čas; in ko bomo sprejeli evropski delovni čas, bo velik del vseh teh možnosti postavljen na stranski tir."
22,"Orientacija bo, da bo vsak človek boljše in več zaslužil itd. na svojem delovnem mestu, ne pa to, kar se danes dogaja."
23,"Se pa strinjam, da je treba tu se zelo jasno dogovoriti, kaj s tistimi, ki si poleg službe še svoje firme ustanavljajo itd."
36,"To je pa en drug cirkus, okrog katerega bo tudi treba zelo hitro nekaj reči, ker mi pravzaprav goljufamo, odplačamo sami sebe, siromašimo državo, stvari gredo mimo nas in ne vem kako bomo uspeli zregulirati zadeve."
25,"Zato se v celoti strinjam s predlaganimi oziroma s stališči in pripombami matičnega odbora in pa nekaterih diskutantov, ki so dajali pripombe v to smer."
1,Hvala.
4,"Še gospod Puc, replika."
20,"Jaz bi potrdil, da je to res, kar je gospod Gros rekel, da ti popoldanci plačajo več davka, vendar davka."
5,"Namreč glejte, izračun gre takole."
22,"Jaz te ljudi poznam, ki imajo pri nas večino, nekaj jih je pa tudi iz Ljubljane prišlo, ki imajo gor pač karkoli."
18,"Torej nekdo, ki je tam ustvaril recimo do 14 dni nazaj promet 800 tisoč din, vodi tudi knjige."
41,"Torej je popoldanec, vodi knjige, pelje promet preko zadruge, to se pravi, da v teh 800 tisoč, razen nekaj kilometrine, elektrike, je ostalo takole: na 800 tisoč, ki jih je registriral na naši občini, je plačal mislim 40% je tu davka."
11,To se pravi 320 tisoč ali po domače 320 starih milijard.
11,"Torej to je za občino velika bogatija, to ima Gros prav."
20,"Vendar mi rabimo take davkoplačevalce, ki bodo podprli naš SPIZ, pa socialno, pa šolstvo, in vse kar je za njim."
39,"Torej če pa to izračunaš, da je to 40% torej govorim za našo občino, nekatere imajo mogoče kaj drugače, je to mnogo manj, kakor pa vse tiste dajatve, ki jih morajo plačati tisti, ki so v rednem delovnem razmerju."
2,Samo toliko.
7,"Ja lahko še, počasi bi pa zaključili."
6,"Ja se strinjam, da bi zaključili."
8,"Vendar gospod Puc, to ni problem tega zakona."
52,"Danes boste imeli na obravnavi zakon o socialnih prispevkih, tisti trije, ki so, tam to povejte, naj popoldanci plačujejo pač še prispevke ali pa en del tega prispevka, ki ga sicer plačuje vsak zaposleni, vendar ne ga na ta način onemogočiti; bolj ga obremenite tam, to je problem, ki ga vi vidite."
21,"Jaz pa vidim problem z vidika svojega zakona oziroma tega zakona o zasebnem delu, da ga vi hočete prepovedati in onemogočiti."
11,"Potem pa, najslabši plačevalec je neobstoječi davkoplačevalec; najslabši davkoplačevalec je tak."
2,Hvala lepa.
1,Hvala.
3,Še gospod Rogina.
13,"Nič lepo ne bo to, kar bom zdaj rekel, moram pa ugotavljati eno."
34,"Jaz zelo respektiram znanje in voljo predlagatelja tega zakona, moram pa ugotavljati, da v zasebnem delu, v obrti, v kakršnikoli obliki nikoli v življenju niso delali in ga poznajo samo toliko, kolikor so slišali."
19,"In zdaj nas, ki pa v tem delamo leta in leta in to poznamo, prepričujejo, da temu ni tako."
36,"In da zdaj, če v tem zakonu mi napišemo, da je lahko popoldansko delo, pa potem to se obrti ne tiče - dajmo se nehati slepiti pa povejmo, kako to je in res kaj v Sloveniji hočemo."
1,Hvala.
45,"Zdaj nekoliko me je bilo strah, da se bodo zadeve zaostrile, pa verjetno ni nič hudega, zaradi tega, ker tudi izgleda tako, kot je rekel gospod Ban, danes in jutri in imamo take zakone, ko bo se seveda še huje ostrilo in bliskalo in grmelo."
16,"Meni, če lahko počasi zaključim to razpravo, gre samo za to, da smo pri tem objektivni."
35,"Nič hudega ne bi bilo, če bi imeli mi veliko predvsem ročnih popoldancev, tistih, ki res manjkajo v Sloveniji, tistih obrtnikov, ki so praktično izumrli, pa nimamo nobene šole več, pa jih bomo krvavo potrebovali."
53,"Sem pa absolutno proti tistim, ki dopoldne v bistvu vse delajo za popoldansko delo - in te je treba omejiti zaradi tega, ker s tem mi vzbujamo nejevoljo vseh ljudi, preprostih zaposlencev, ki komaj životarijo in vidijo, kako eden dela za sebe in zasluži popoldne, in to je treba preprečiti, kakorkoli se temu reče."
5,S čistimi računi moramo biti.
13,"Eno delo ali pa naj bo dvojno delo, ampak nekje istočasno registriran zaslužek."
25,"Mi imamo pa zdaj to vse tako razmetano, tako da dejansko nekateri v tej nemogoči zakonodaji, ki jo imamo se znajdejo in res krasno živijo."
53,"Meni je neljubo, gospod Kopač, moram vam povedati, da hočeš ali nočeš skoraj zagovarjate to, da imamo v Sloveniji še bolj bogate in še bolj revne, to pa po vaši filozofiji nikoli ni bilo in zakaj, zaradi tega, ker tudi vi prihajate s temi podatki, ki niso preverjeni ali pa jih sploh nimamo."
67,"Mi se zdaj o ljudeh pogovarjamo in sploh ne vemo nič o njih, nekatere sodimo, nekatere glorificiramo in to ne gre več in jaz sem za to, da z nekaterimi stvarmi počakamo, da imamo tudi na tem področju zakonodajo čisto in bomo vedeli, kaj in kje lahko kdo dela in kaj tudi zasluži, nikakor pa ne more imeti, zdaj naenkrat bodo imeli ljudje pa po tri šihte."
3,Kam pa pridemo.
26,"In zato sem tudi jaz, da podpremo v tistih delih naš matični Odbor za obrt in podjetništvo, kjer nasprotuje temu, saj nekatere stvari so pa dobre."
11,Zakaj se pa o teh stvareh ne bi še naprej pogovarjali?
1,Prosim.
10,"Opravičujem se, upam, da res ne bom šel več gor."
19,"Ne morem pristati na očitek, da jaz zagovarjam tezo, da so nekateri še bolj bogati, nekateri še bolj revni."
14,"Z največjo možno sprostitvijo opravljanja dejavnosti bomo omogočali to, da bodo vsi bolj bogati."
20,"In ta zakon, vključno z določbo o dopolnilni dejavnosti, bo po mojem to omogočil; jaz sem o tem sveto prepričan."
26,"Po drugi strani pa poglejte, vi bi radi ali pa nekateri bi radi izkoristili statusni in registrski zakon za to, da bi se znebili enega problema."
35,"Problem je pa drugje, problem ni v tem zakonu, pustite jim, naj imajo zakonsko oziroma statusno registrsko določbo, omejuje jih pa drugje, kar sem že povedal; pri zakonih, ki urejajo inšpekcije, pri davčnih zakonih itn."
5,In poglejte še tole norost.
17,"Jaz verjamem, da je marsikdo alergičen na te takoimenovane popoldanske obrtnike in jaz ne vem, obstojajo problemi."
22,"Še enkrat poudarjam, če v firmah obstajajo problemi zaradi teh popoldancev, naj jim takoj prekličejo dovoljenje in s tem jih bodo onemogočili."
17,"Če nimajo problemov z njimi, naj jim pač pustijo dovoljenje, ali pa naj jim dajo še nove."
23,"Odbor za obrt in podjetništvo pravi, da je potrebno popoldansko delo oziroma opravljanje postranske dejavnosti onemogočiti oziroma, da je ne kaže zakonsko urejati."
4,Veste kaj to pomeni?
4,To pomeni širitev šušmarstva.
25,"Ta zakon pa ravno hoče stvari urediti, nastaviti, dati eno podlago, da bodo potem še drugi zakoni stvari počistili, da teh problemov ne bo več."
29,"Če boste ga pa že v začetku, torej problem reševali tako, da ga boste ubili, ne da ga boste spravili v pravi tir, potem seveda problem še naprej obstaja."
10,"Najprej bom gospodu Topleku dal besedo, ker še ni govoril."
29,"Da se razumemo, gospod predsednik, prvič ne razpravljam iz nobenega koristoljubja, kot je bilo prej omenjeno, vsaj v tistem pomenu besede, ki bi bil v povezavi s tem zakonom."
65,"Jaz bi imel negativno, niti, sem dvoživka, torej tisti, ki bi zagovarjal neke lastne koristi, temveč ravno obratno, mislim, da tako kot je gospod Ban pred mano razpravljal, sem eden od tistih, ki se srečujejo s problemom in z negativnimi posledicami tega popoldanskega dela, ki se ne kažejo popoldan, ko bi naj ljudje bogateli - hvala bogu naj kar bogatijo, vendar ne na račun dopoldanskega nedela."
38,"In se ne morem strinjati z gospodom Kopačem, ki govori, da imamo druge možnosti, kako naj preprečimo, naj se sami odločamo v podjetjih, komu bomo dali in komu pozneje ne bomo dali dovoljenja za opravljanje te popoldanske obrti."
18,"Zakon naj nekaj dovoljuje, direktorji, ali tisti, ki so po podjetjih pa naj pozneje prepovedujejo in se izpostavljajo."
4,"Mislim, da je nesmisel."
33,"Dejstvo je, da je večina teh takoimenovanih popoldanskih obrti, razen tistega, kar je res ročno delo, vendar tega je manj, je opravljenega dopoldan, v dopoldanskem času, če ne z rokami pa z glavo."
7,Na dveh stolčkih sedeti pa ne moreš.
26,"In seveda se pa globoko strinjam s tem, enako velja za odpiranje podjetij, enako velja za vse ostale možne oblike, ki jih pač nekateri veselo izkoriščajo."
33,"Zato bi jaz predlagal, da dejansko poskušamo to razpravo pripeljati do konca, mislim, da smo slišali dovolj besed za in kontra in ravno v tem popoldanskem delu, tako da se bomo znali odločati."
25,"Torej bilo je omenjeno prej toliko in toliko tisoč nezaposlenih; sedaj večji problem so tisti, ki so zaposleni, vendar ne zato, ker so na delu."
37,"Nekdo bi nam očital, sedaj meni ali komu drugemu, ki bo razpravljal in praktično ne dovoljeval tega dela, tega popoldanskega dela, da pač uredimo kontrolo, naj poostrimo kontrolo, kaj ljudje delajo na delovnem mestu v dopoldanskem času."
27,"To je dokaj lahko reči, vendar težje narediti, posebej v sistemih, kjer je 2000 ali 3000 ljudi in kjer se ti zelo lahko in zelo lepo skrijejo."
29,"In dejansko če mi nekdo sedaj očita, da sem razpravljal iz koristoljubja, potem jaz to z veseljem sprejmem, kajti res sem razpravljal iz koristoljubja, vendar ne samo svojega osebnega."
1,Hvala.
1,Hvala.
5,"Oprostite, moral sem v repliko."
35,"Namreč za katerokoli dejavnost, ki jo nekdo odpira, mora stati zadaj s kvaliteto, ki jo garantira, to se pravi, ko pride na tržišče s svojim proizvodom, ali svojo uslugo, mora to izdelati po določenih normah."
79,"Če bomo mi želeli v Evropo s takimi proizvodi, kjer bomo imeli kot proizvajalci od zadaj, ali pa za del proizvoda, ali pa tudi za uslugo, vzemimo kar konkretno zobozdravnika, ki bo kompletno nekaj naredil v ustih in ne bo zato nikomur odgovarjal, popoldanci ne padejo v iste norme, kakor tisti, ki imajo z določenim dovoljenjem redno delo, zaradi tega ne moremo mi sedaj ko spuščamo to privatno iniciativo na vsa področja vnesti v to zakonodajo eno tako zmešnjavo."
6,"Mislim, da to ne more biti."
1,Hvala.
2,Gospod Zlobec.
9,Imel bi samo kratko repliko na zadnja dva razpravljalca.
7,"Mislim, da tu velja ena velikanska iluzija."
10,"Misliti, da nekdo dopoldne lenuhari, zato da bo popoldne delal."
16,"Imamo ljudi, ki tudi štiri ure na dan ne delajo, pa čeprav popoldne ničesar ne počnejo."
12,"Imamo ljudi, ki delajo po 16 ur na dan, dopoldne in popoldne."
29,"Jaz moram priznati, kolega Toplek, da tudi sedim na dveh ali treh stolčkih: dopoldne sem v službi v založbi, popoldne pa prevajam, pišem in tudi za to dobim denar."
22,"To je tudi svojevrstna popoldanska obrt, ki ni niti prijavljena, niti nič, razen da je obdavčena na koncu leta, če je obdavčena."
16,"In mislim, da vsi pametni in pridni ljudje, ki jih poznam, sedijo vsaj na dveh stolčkih."
18,"In jaz se res bojim, da je tukaj od zadaj strah pred konkurenco oziroma ena želja za monopolom."
42,"Tu se jaz sicer ne strinjam s kolegom Kopačem, ki mislim, da ima pač sicer desničarske poglede v ekonomiji, ampak kar se tega tiče pa mu dam popolnoma prav zaradi tega, ker v resnici so to drugi zakoni, ki morajo to urejati."
16,"Če mi nimamo urejenih inšpekcij, na primer, ne moremo zaradi tega kriviti zakona o zasebnem delu."
36,"In govorimo drug mimo drugega in o različnih stvareh, zato prosim lepo, če se bo še kdo spravil na Kopača glede tega zakona, mu naj vsaj prizanese s stvarmi, ki se dejansko tega zakona ne tičejo."
1,Hvala.
2,Gospod Boštjančič.
15,"Tukaj mi je dr. Arzenšek priporočil, da naj omenim Portugalsko, kako ima Portugalska to urejeno."
11,"Dejstvo je, da ""fovšije"" v tem parlamentu ne bi smeli zganjati."
21,"Jaz mislim, da sveto pismo že to pozna, tam piše, sveti Janez: bogati bodo še bogatejši, revni bodo še bolj revni."
5,To je zakonitost tržne ekonomije.
17,"Ne sedaj praviti, da tisti, ki je brezposelen ne more vzeti delovnega mesta tistega, ki je popoldanec."
8,"Jaz govorim kot podjetnik, zastopam pa tudi industrijo."
8,"Dal bom delo tistemu, ki bo najcenejše naredil."
18,"Vlada pa naj uredi s svojimi inštrumenti, kako bo se to legalno delalo oziroma kdor bo pošten davkoplačevalec."
19,"Samo ne od podjetij zahtevati, da bomo mi sedaj začeli delati selekcijo, davčne službe, upravne službe in podobne stvari."
10,"Mislim, da stališče vlade bi moralo tukaj biti bolj eksaktno."
32,"Razvojna usmeritev in te primerjave z zapadom bodo sigurno prišle, samo v tem obdobju, v kakršnem smo danes, mislim, da bi morali dopustiti, da ljudje čimveč delajo, da imajo možnost čimveč narediti."
9,"In če bodo posamezniki bogati, bo tudi družba bogatejša."
9,Pri Ljubljanski banki je 70% kapitala od komitentov privatnikov.
10,"Istočasno ko družba propada, ko ima nezaposlene, posamezniki imajo denar."
25,"Jaz mislim, da je treba to pospešiti in ne s ""fovšijo"" gledati in poskušati preko zakonodaje onemogočiti, ker ti ljudje bodo tako ali tako delali."
22,"Za nas v družbenem podjetju, ne morem reči, da smo podjetniki, ker to nismo, bo pa tisti, ki je cenejši imel prednost."
25,"Kako bo pa država dala naziv, je pa stvar res države na pa stvar podjetij, ali pa nas posameznikov, da se bodo tukaj specializirale stvari."
12,Jaz bi tukaj prosil za malo strpnosti in naj cvete sto cvetov.
4,Nima smisla sedaj omejevati.
1,Hvala.
19,"Ni replika na kolego Zlobca ali Boštjančiča, je replika na gospoda Brelovca, ki prihaja iz Zveze obrtnih združenj Slovenije."
25,"Vi ste omenili, da tisti, ki opravljajo dopolnilno dejavnost, ne padejo pod norme, ki urejajo kvaliteto proizvodnje za tiste, ki opravljajo to kot stalni poklic."
3,Ali je tako?
7,"To ni res, vi zakona niste prebrali."
24,"V zakonu piše, v 3. členu so opredeljeni tako tisti, ki opravljajo dejavnost kot redni poklic, kot tisti, ki ga opravljajo kot dopolnilno dejavnost."
27,"Vsi se morajo podrejati splošnim pogojem za obravnavanje dejavnosti, ki jih določa zakon o zasebnem delu in specifičnim pogojem za opravljanje dejavnosti, ki jih urejajo področni zakoni."
39,"Če v zakonu o zdravstvenem varstvu piše, da mora zdravnik imeti diplomo medicinske fakultete to velja za vse fizične osebe, tako tiste, ki opravljajo dejavnost kot dopolnilno dejavnost, kot tisti, ki jo opravljajo kot redni poklic in tako naprej."
45,"Pa še to bi rad rekel: fizične osebe so v pravnem prometu največje jamstvo za kvaliteto poslovnih storitev zato, ker tako tisti, ki opravljajo to kot dopolnilno dejavnost že danes, kot tisti, ki opravljajo to kot redni poklic, stojijo za obveznostmi z vsem svojim premoženjem."
12,"Firma, ki je ustanovljena z 2000 dinarji, pa odgovarja z 2000 dinarji."
21,Zato je spodbujanje nastajanja fizičnih oseb po mojem veliko jamstvo za večjo pravno varnost prometa v Republiki Sloveniji; pa recimo samostojni.
2,Hvala lepa.
13,"Mislim, da bi lahko zaključili, ker kakšno repliko si lahko tudi jaz privoščim."
25,"Jaz mislim, da je dobro, da gospod Boštjančič citira sveto pismo, samo naj ve tudi kdaj je to sveto pismo nastajalo, v kakšnih družbenoekonomskih odnosih."
5,Ali je še kaj takšnega?
6,"Gospod Arzenšek, ali je še kaj."
6,Gospod Arzenšek prosi za en stavek.
5,Jaz bi samo tole vprašal.
35,"Če sem prav razumel kolega Kopača, da bi bil tale zakon o zasebnem delu krovni zakon, bi rekel drugače in bi vprašal zakonodajalce druge, to je konkretno Izvršni svet, ki je predlagatelj vseh teh stvari."
7,"Jaz mislim, da živimo v poplavi zakonodaje."
29,"In to take zakonodaje, da ko sem jaz sedaj prebiral tele predloge sprememb in osnutkov z napovedjo, da bomo dobili nove zakone, da so si sicer nekateri v navzkrižju."
19,"In ko smo skušali uveljaviti ena, dva, po katerem naj bi kaj naredili, moram reči, da se ne da."
62,"Pa bi vprašal predlagatelja in predstavnika Izvršnega sveta, ali zagotavlja takle zakon, da ne bo ne vem koliko podzakonskih aktov, predpisov in na primer, da naj bi opredeljena bila vsebinska opredelitev spet v vseh zakonih ""lex specialis"", kot na primer imamo težave in probleme tudi s tem zakonom o zavodih, ki moram reči, da ne vem kaj rešuje in kaj ne rešuje."
7,Pa bi prosil tu dejansko za odgovornost.
7,To je zdaj nova definicija enega stavka.
5,"Ali je potrebno kaj, prosim."
15,"Torej Izvršni svet tokrat ni predlagatelj zakona o zasebnem delu, ampak je predlagatelj skupina delegatov."
56,"Izvršni svet je sodeloval, v začetku smo bili zelo kontraverzni in sporni, vendar med predlagateljem in Izvršnim svetom je prihajalo do sporov, vendar na koncu je predlagatelj povzel vse vsebinske pripombe in dejansko oblikoval ta zakon o zasebnem delu, da imamo zdaj pred sabo ""lex generalis"", torej splošni zakon, ki na splošno določa status fizičnih oseb."
32,"Ker pa so posamezna področja tako specifična, za primer vzemimo kar obrt, pa bo potrebno obrtno področje, ki ga želimo tudi pospeševati in na novo sodobno urediti, opredeliti celotno v posebnem zakonu."
25,"Torej zakon o zasebnem delu je lahko samo splošni zakon, nikakor pa ne sme posegati v področje posameznih zakonodaj, ker to ne bi bilo dobro."
7,In samo o takem predlogu lahko razpravljamo.
1,Hvala.
1,Hvala.
9,"Mi bomo zdaj nehali razpravljati, ampak bomo začeli sklepati."
32,"Zaradi tega, ker smo razpravljali že večkrat, danes je bilo tudi tu kar precej razprav in menim, da kolegice in kolegi poslanci ne boste imeli veliko poti, če bi prekinili z razpravo."
5,Ali res še kdo želi?
4,S tem zaključujem razpravo.
8,"Predlagam zboru, da preidemo na glasovanje o amandmajih."
36,"Glede na to, da so nekateri amandmaji medsebojno povezani in se tudi med seboj povezujejo in da je k posameznim členom predloga zakona predlaganih po več amandmajev predlagam, da glasujemo o posameznih amandmajih k posameznim členom."
15,"Tako da ne gremo od tistih najhujših k najblažjim, ampak smo od člena do člena."
10,"In vas prosim, če vzamete zdaj to gradivo v roke."
11,"1. Prvi amandma k naslovu, amandma Odbora za podjetništvo in obrt."
12,"Naslov zakona se spremeni tako, da se glasi: ""Zakon o registraciji zasebnikov""."
18,"Predlagatelj ne soglaša, Izvršni svet v zvezi s tem soglaša, Zakonodajno-pravna ne soglaša in zdaj sprašujem naš zbor."
7,"Najprej bomo ugotovili prisotnost, koliko nas je?"
18,Najprej gre za amandma Odbora za podjetništvo in obrt v zvezi s samim naslovom Zakon o registraciji zasebnikov.
6,Kdo je za sprejem tega amandmaja?
3,Je kdo proti?
4,Se je kdo vzdržal?
3,Amandma ni sprejet.
14,"2. K 1. členu: amandma Zakonodajno-pravne komisije; v drugem odstavku se črta beseda ""dodatne""."
5,Predlagatelj soglaša s tem amandmajem.
5,Kdo je za sprejemtega amandmaja?
3,Je kdo proti?
4,Se je kdo vzdržal?
3,Amandma je sprejet.
32,"3. K 2. členu: amandma Odbora za podjetništvo in obrt: v 2. členu se besedilo za vejico ""da jih zasebniki ne smejo opravljati"", nadomesti z besedilom, ""da jih zasebnik ne sme opravljati""."
8,"Predlagatelj soglaša, Izvršni svet podpira, Zakonodajno-pravna komisija podpira."
6,Kdo je za sprejem tega amandmaja?
3,Je kdo proti?
4,Se je kdo vzdržal?
7,Ta amandma k drugemu členu je sprejet.
8,K tretjemu členu je prvi amandma Zakonodajno-pravne komisije.
10,"V prvem odstavku se beseda ""sredstvi"" nadomesti z besedo ""premoženjem""."
9,"Predlagatelj soglaša, Izvršni svet tudi ni imel nič proti."
5,Kdo je za ta amandma?
3,Je kdo proti?
4,Se je kdo vzdržal?
10,Tudi ta amandma Zakonodajno-pravne komisije k 3. členu je sprejet.
8,In drugi amandma: Odbor za podjetništvo in obrt.
6,Drugi odstavek 3. člena se črta.
14,"Predlagatelj ne soglaša, Izvršni svet ne soglaša, Zakonodajno-pravna komisija ne soglaša - črtanje popoldanske obrti."
7,3. člen: črta se cel drugi odstavek.
19,"Ta člen se glasi: ""Zasebnik lahko redno opravlja dejavnost tudi postransko, pod pogoji in načini, določenimi s temi zakoni."
19,"Postransko ne sme opravljati tistega dela, kot ga opravlja v rednem delovnem razmerju, če za to nima soglasja delodajalca""."
13,"Odbor za podjetništvo in obrt predlaga, da se drugi odstavek 3. člena črta."
10,"Kdo je zato, da se drugi odstavek 3. člena črta."
3,Kdo je za?
3,Je kdo proti?
4,Se je kdo vzdržal?
15,"Amandma Odbora za podjetništvo in obrt, da se drugi odstavek 3. člena črta, je sprejet."
5,4. člen: amandma Zakonodajno-pravne komisije.
18,"Na koncu stavka se doda besedilo: ""ki ga vodi pristojni občinski upravni organ, če zakon ne določa drugače""."
2,Predlagatelj soglaša?
5,Ugotovil bi še enkrat prisotnost?
14,"Kdo je za predlagani amandma k 4. členu, ki ga je predložila Zakonodajno-pravna komisija?"
3,Je kdo proti?
4,Se je kdo vzdržal?
6,Ta amandma Zakonodajno-pravne komisije je sprejet.
20,"K 5. členu: amandma Odbora za podjetništvo in obrt; za besedo ""delavce"" se postavi pika, ostalo besedilo pa se črta."
12,"Predlagatelj ne soglaša, Izvršni svet ne soglaša, Zakonodajno-pravna komisija tudi ne podpira."
22,"V 5. členu je napisano naslednje: ""Zasebniki lahko zaposlujejo delavce v mejah, ki jih določa ta zakon, če zakon ne določa drugače""."
13,"Predlog pa je, da je 5. člen samo takšen: ""Zasebniki lahko zaposlujejo delavce""."
5,Kdo je za ta amandma?
3,Je kdo proti?
4,Se je kdo vzdržal?
13,Torej je ta amandma Odbora za podjetništvo in obrt sprejet v našem zboru.
7,7. K 6. členu: amandma Zakonodajno-pravne komisije.
4,Tu sta dva amandmaja.
8,Prvi amandma: črta se prvi in drugi odstavek.
11,"Predlagatelj soglaša in kaj menite vi, poslanci v zvezi s tem?"
5,Moram prebrati še 6. člen?
2,Ni treba.
6,Kdo je za sprejem tega amandmaja?
3,Je kdo proti?
4,Se je kdo vzdržal?
10,Torej je k 6. členu prvi amandma Zakonodajno-pravne komisije sprejet.
3,In drugi amandma.
4,Črta se tretji odstavek.
7,S tem se črta celotni 6. člen.
2,Predlagatelj soglaša.
3,Mnenja Odbora nimam.
6,Želite da preberem ves 6. člen?
15,"Tu gre, za drugi amandma; črta se tretji odstavek in s tem celotni 6. člen."
4,Prvi odstavek je takšen.
12,"""Zasebniki se lahko združujejo v zadrugo, delovno skupnost ali drugo organizacijo zasebnikov."
20,"Zasebniki lahko neposredno ali po svojih organizacijah vstopajo v različne oblike kooperacije in trajnejšega sodelovanja s podjetji ali drugimi organizacijami""."
27,"Potem pa naprej: ""Zasebniki, organizacije zasebnikov se združujejo v ustrezna združenja oziroma zbornice."" Jaz ne vem, če je to res, da se potem črta celotni 6. člen."
6,Ker smo prva dva že sprejeli.
12,"Jaz ne vem, kdo je to predlagal, ker na odboru nismo imeli."
8,"Odbor je namreč podprl, da ostane ta odstavek."
7,"Gospod Rogina, gospod Gros je to rekel?"
13,"To je očitno v konceptu tistega, da bi Kranj imel posebno svojo zbornico."
6,Zopet je nekaj od zadaj prišlo.
11,"Dobro, saj bomo pač rekli, da odbor ne soglaša s tem."
8,"Saj je to jasno, to ni noben problem."
4,Črta se tretji odstavek.
34,"Še enkrat ga bom prebral: ""Zasebniki lahko neposredno ali po svojih organizacijah vstopajo v različne oblike kooperacije in trajnejšega sodelovanja s podjetji ali drugimi organizacijami."" Kdo je za črtanje tega drugega odstavka 6. člena?"
6,Saj prvega in drugega smo že.
1,Oprostite.
5,Naj jaz še popravim to.
19,"Torej, da črtamo ta tretji odstavek 6. člena ""Zasebniki in organizacije zasebnikov se združujejo v ustrezna združenja oziroma zbornice""."
3,"Prosim, gospod Kopač?"
3,Je v redu.
6,Kdo je za črtanje tretjega odstavka?
3,Je kdo proti?
4,Se je kdo vzdržal?
3,Amandma ni sprejet.
8,7. člen: amandma Odbora za podjetništvo in obrt.
4,Črta se ta člen.
12,"Predlagatelj ne soglaša, Izvršni svet soglaša in zbor Zakonodajno-pravna komisija tudi soglaša."
31,"Kdo je za to, da se sprejme k 7. členu amandma, da se črta ta člen. 7. člen pa se glasi: ""Zasebniki prevzamejo navedbo poklica naziv oziroma po nomenklaturi dejavnosti - stroke."
13,"Naziv se sestoji iz besede zasebni ali samostojni in imena poklica oziroma dejavnosti."""
9,"Kdo je za to, da se ta člen črta?"
3,Je kdo proti?
4,Se je kdo vzdržal?
3,Amandma ni sprejet.
3,K 8. členu.
7,Prvi amandma Odbora za podjetništvo in obrt.
22,"Besedilo, ""ki se vpišejo v register, če sam izpolnjuje pogoje za njihovo upravljanje"", se nadomesti z besedilom, ""ki so vpisane v register""."
40,"Predlagatelj ne soglaša s to spremembo, Izvršni svet soglaša, Zakonodajno-pravna komisija ne soglaša in predlaga svoj amandma. 8. člen je kratek: ""Zasebnik lahko opravlja eno ali več dejavnosti, ki se vpišejo v register, če sam izpolnjuje pogoje za njihovo opravljanje""."
16,"Predlog pa je, da zasebnik lahko opravlja eno ali več dejavnosti, ki so vpisane v register."
10,Kdo je za predlagani amandma Odbora za podjetništvo in obrt?
3,Kdo je za?
3,Je kdo proti?
4,Se je kdo vzdržal?
3,Amandma je sprejet.
18,"Drugi amandma Zakonodajno-pravne komisije: ""Naziv dejavnosti se sestoji iz besede ""zasebni in samostojni in imena poklica oziroma dejavnosti""."
15,"Jaz tudi mislim, da mi smo sprejeli prvi amandma in ne bi glasovali o tem."
11,"Ja, pošteno je, če smo sprejeli prvega, moramo biti proti drugemu."
11,"Kdo je za amandma Zakonodajno-pravne komisije, ki nekoliko spreminja ta člen."
3,Kdo je za?
3,Je kdo proti?
4,Se je kdo vzdržal?
6,Torej je amandma Zakonodajno-pravne komisije zavrnjen.
30,"Pri 9. členu smo: amandma Odbora za podjetništvo in obrt predlaga, da se črta ta člen, ki glasi: ""Zasebnik lahko za opravljanje dejavnosti po tem zakonu zaposli največ 10 delavcev""."
9,"Tu je zdaj predlog, da se ta člen črta."
10,"Predlagatelj, kot ste slišali, ne soglaša, Izvršni svet ne soglaša."
7,Zakonodajno-pravna komisija tudi ne podpira tega črtanja.
17,"Sprašujem vas, kdo je za predlagani amandma odbora za podjetništvo in obrt, da se ta člen črta."
3,Kdo je za?
3,Je kdo proti?
4,Se je kdo vzdržal?
11,"Ugotavljam, da je ta amandma Odbora za podjetništvo in obrt sprejet."
4,Pri 10. členu smo.
57,"Tu gre najprej za amandma gospoda Romana Jakiča, ki je sam povedal, da gre bolj za lepotne popravke, da se v prvem odstavku za besedo ""zakonec"" doda besedilo ""ali oseba, ki z zasebnikom živi v izvenzakonski skupnosti"" in v tretjem odstavku se za besedama ""porodniškega dopusta"", doda besedilo ""in dopusta za varstvo in nego otrok"". najprej predlagatelj?"
4,Soglaša ali ne soglaša?
23,"Verjetno Izvršni svet tudi, ker tu gre za redakcijske, medtem ko Odbor za podjetništvo pa seveda predlaga, da se ta 10. člen črta."
19,"No in ker moramo iti po vrsti, bomo pač najprej glasovali o dopolnitvi, ki jo je predlagal gospod Jakič."
12,"Kdo je za njegova dva, bom rekel, redakcijska amandmaja pri 10. členu?"
3,Je kdo proti?
4,Se je kdo vzdržal?
9,V tem primeru sta amandmaja gospoda Romana Jakiča sprejeta.
11,"Jaz bi vas vseeno opozoril pod črto, to ni kar tako."
21,"Mi smo začeli danes razpravljati v zvezi s tem tudi o nečem, o čemer bo v skupščini še velikokrat tekla beseda."
10,"Gre za zakonce, izvenzakonsko skupnost, za varstvo in nego otrok."
5,To je zelo pomembno področje.
9,"Se strinjam, hotel sem vas samo pohvaliti, nič drugega."
8,Zdaj gre pa seveda za sam 10. člen.
8,Amandma je predlagal odbor za podjetništvo in obrt.
11,"Odbor pa predlaga, da se v celoti ta 10. člen črta."
23,"Predlagatelj ne soglaša, da se črta, Izvršni svet soglaša da se črta, Zakonodajno-pravna komisija ne podpira črtanja in mi moramo odločiti o tem."
3,Prebral ga bom:
30,"""Med zaposlene v tem zakonu se ne štejejo ožji družinski člani, zakonec, otroci in starši,"" jaz ne bom zdaj bral teh dopolnitev, ki jih je gospod Jakič prej povedal , bral."
14,"""Za eno zaposlitev se šteje delo več delavcev, ki skupaj dosegajo polni delovni čas."
40,"Med zaposlene po tem zakonu se ne šteje delo tistih, ki za določen čas nadomeščajo delavce odsotne zaradi bolezni, poškodbe, porodniškega dopusta, opravljanja vojaških ali drugih obveznosti, delo pripravnikov ter delo študentov in učencev, ki delajo po pogodbi o delu."
28,"Učenci in pripravniki, ki opravljajo strokovno izpit, se ne štejejo v število zaposlenih po prvem odstavku tega člena, če nadaljujejo delo po opravljenem izpitu, vendar največ 6 mesecev""."
17,"Odbor za podjetništvo in obrt predlaga črtanje tega člena, drugi pa pravijo, da naj ta člen ostane."
4,Lahko en stavek predsednik?
4,"Ja, razprave nimamo več."
24,"Jaz trdim, da so poslanci postavljeni v situacijo, ko ne vedo, o čem glasujejo, ker je toliko amandmajev, tako zelo povezanih eden z drugim."
19,"Zato predlagam da, ali preberemo obrazložitev odbora ali pa, da se pri vsakem amandmaju vsaj pove, za kaj gre."
22,"Pri tem členu gre namreč za to, da ta zakon ni tisti, ki naj bi določal, kdo je delavec, kdo ni delavec."
32,"Jaz mislim, da je bilo dosti razprave o tem in vas vprašam, kdo je za to, da se sprejme amandma Odbora za podjetništvo in obrt, ki predlaga, da se črta ta člen."
9,Kdo je za amandma Odbora za podjetništvo in obrt?
3,Je kdo proti?
4,Se je kdo vzdržal?
9,Amandma Odbora za podjetništvo in obrt ni bil sprejet.
10,K 11. členu: amandma zakonodajno-pravne komisije: črta se ta člen.
16,"Predlagatelj soglaša in ponovno smo mi tisti, ki ali sprejmemo to, da se 11. člen črta?"
15,"Glasi se: ""Pristojni občinski upravni organ vpiše zasebnika v register, če zakon ne določa drugače""."
17,"Kdo je za to, da se ta amandma Zakonodajno-pravne komisije sprejme in da se ta člen črta?"
3,Je kdo proti?
4,Se je kdo vzdržal?
5,Torej je ta amandma sprejet.
7,Pri 12. členu imamo ponovno dva amandmaja.
28,"Najprej je tu amandma Romana Jakiča, ki pravi: ""V prvem in drugem odstavku se za besedo ""zakonec"" doda besedilo ""ali oseba, ki z zasebnikom živi v izvenzakonski skupnosti""."
12,"Predlagatelj soglaša, Izvršni svet verjetno tudi, Zakonodajno-pravna komisija pa menda tudi soglaša."
14,"Kdo je za to dopolnitev, ki jo je predlagal Roman Jakič k 12. členu."
3,Kdo je za?
3,Je kdo proti?
4,Se je kdo vzdržal?
9,Amandma gospoda Romana Jakiča k 12. členu je sprejet.
13,Pri 12. členu pa je še tudi amandma Odbora za podjetništvo in obrt.
61,"Drugi odstavek 12. člena naj se spremeni tako, da se glasi: ""Zakonec, otroci zasebnika, ki želijo nadaljevati dejavnost po poslovodji, morajo takoj oziroma najkasneje v dveh mesecih po nastopu razloga iz prvega odstavka obvestiti pristojni občinski upravni organ, ki mora v rokih, predvidenih v predpisih o splošnem upravnem postopku dovoliti nadaljevanje dejavnosti, če so za to izpolnjeni pogoji po tem zakonu""."
6,Gre za spremembo v drugem odstavku.
11,"Predlagatelj ne soglaša, Izvršni svet podpira to, Zakonodajno-pravna komisija ne podpira."
25,"Poslance sprašujem, kdo je za predloženi amandma Odbora za podjetništvo in obrt, da se drugi odstavek v 12. členu spremeni tako, kot sem ga prebral."
3,Kdo je za?
3,Je kdo proti?
4,Se je kdo vzdržal?
11,Amandma Odbora za podjetništvo in obrt k 12. členu je sprejet.
50,"13. člen: amandma Zakonodajno-pravne komisije: v četrti alinei prvega odstavka se doda besedilo ""ali drug predpis"" in doda se nov drugi odstavek, ki se glasi: ""Poslovni oziroma delovni prostori niso potrebni, kadar jih narava dela ne terja, ali če se delo opravlja na terenu oziroma v prostorih naročnika ali kooperanta."""
6,Predlagatelj soglaša s predlogom Zakonodajno-pravne komisije.
7,Kdo je za predlagani amandma Zakonodajno-pravne komisije?
3,Kdo je za?
3,Je kdo proti?
4,Se je kdo vzdržal?
9,Torej je amandma Zakonodajno-pravne komisije k 13. členu sprejet.
19,"In drugi amandma k istemu členu: Nov napovedni stavek: ""Zasebnik lahko prične opravljati dejavnost, če izpolnjuje naslednje splošne pogoje""."
14,"Gre za nov napovedni stavek: ""Zasebnik lahko opravlja dejavnost, če izpolnjuje naslednje splošne pogoje."
2,Le redakcijsko.
13,Kdo je za sprejem tega drugega amandmaja Zakonodajno-pravne komisije k 13. členu zakona?
3,Je kdo proti?
4,Se je kdo vzdržal?
7,Torej je ta amandma Zakonodajno-pravne komisije sprejet.
11,In tretji amandma Odbora za podjetništvo in obrt k istemu členu.
6,Črta se šesta in deveta alinea.
14,"Šesta alinea se glasi: ""Da je poravnal davčne in druge materialne obveznosti do države""."
15,"In deveta: ""da ni v delovnem razmerju oziroma da ima soglasje delodajalca za postransko dejavnost""."
15,"Predlagatelj s tem črtanjem ne soglaša, Izvršni svet ne soglaša, Zakonodajno-pravna komisija tudi ne soglaša."
20,"Kdo je za to, da se sprejme amandma Odbora za podjetništvo in obrt, da se črtata šesta in deveta alinea?"
3,Kdo je za?
3,Je kdo proti?
4,Se je kdo vzdržal?
5,Torej je amandma odbora sprejet.
9,"Tule, strokovna služba opozarja, da moramo še enkrat preveriti."
2,Najprej prisotnost.
10,. 60 nas je zdaj tukaj in bomo še enkrat glasovali.
24,"Poslance in poslanke sprašujem, kdo je za sprejem amandmaja Odbora za podjetništvo in obrt, da se črtata šesta in deveta alinea v 13. členu."
4,Kdo je za to?
3,Je kdo proti?
4,Se je kdo vzdržal?
12,"Ugotavljam, žal po tem ali pa ne, da amandma ni bil sprejet."
5,15. člen: amandma Zakonodajno-pravne komisije.
4,Ta člen se črta.
2,Predlagatelj soglaša.
14,"Sprašujem poslance kdo je za sprejem amandmaja Zakonodajno-pravne komisije, da se 15. člen črta."
3,Kdo je za?
3,Je kdo proti?
4,Se je kdo vzdržal?
11,"Amandma je sprejet; torej s tem, da se 15. člen črta."
1,16.
19,"K naslovu petega poglavja ima amandma Zakonodajno-pravna komisija, in sicer pravi, da se črta besedilo: ""Odgovornost za opravljanje dejavnosti""."
5,Ostane v bistvu samo nadzor.
15,"Predlagatelj soglaša in poslance sprašujem, kdo je za spremembo tega naslova oziroma sprejetje tega amandmaja."
3,Kdo je za?
3,Je kdo proti?
4,Se je kdo vzdržal?
9,Amandma Zakonodajno-pravne komisije v zvezi z naslovom je sprejet.
11,"K 20. členu imamo amandma, oprostite še prej je 17. člen."
19,"Prvi amandma, dva amandmaja sta, Zakonodajno-pravna komisija predlaga, da v drugem odstavku se beseda ""sredstvi"" nadomesti z besedo ""premoženje""."
14,"Amandma Odbora za podjetništvo in obrt pa je, da se črta ta 17. člen."
3,Predstavnika Zakonodajno-pravne komisije?
7,"Ali se umika, se umakne ta člen?"
8,"Ker tu je majhen nesporazum, zato dovolim to."
1,Prosim.
37,"Poglejte, 17. člen govori o odgovornosti, da mora zasebnik opravljati dejavnost vestno, odgovorno itn., no, Odbor za obrt in podjetništvo je dal amandma, da se to črta, češ da je že urejeno v zakonu o obligacijskih razmerjih."
18,"Mi smo sicer menili, da ker je to ""lex generalis"", da bi to bilo prav, da je notri."
12,"Potem smo pa sklenili kompromis na Zakonodajno-pravni komisiji, da se to črta."
37,"Ker smo že sprejeli amandma, da se črta naslov tega poglavja, to se pravi odgovornost za opravljanje dejavnosti, bi bilo seveda konsistentno, da torej sprejmemo še amandma Odbora za obrt in podjetništvo, s katerim črtamo 17. člen."
10,"Torej, tudi Zakonodajno-pravna komisija bi se s tem seveda strinjala."
2,Hvala lepa.
1,Hvala.
5,Imamo predstavnika Zakonodajno-pravne komisije tukaj?
2,Gospod Zabukovec.
2,Je tako.
9,"Kdo je za to, da se črta ta člen?"
5,Kdo je za? 17. člen.
3,Je kdo proti?
4,Se je kdo vzdržal?
15,"Ugotavljamo, da je 17. člen črtan, kot je predlagal amandma Odbora za podjetništvo in obrt."
7,K 20. členu imamo amandma Romana Jakiča.
13,"V drugi alinei se doda besedilo: ""in dopusta na varstvo in nego otrok""."
2,Predlagatelj soglaša.
11,"Mi smo to zdaj tudi sprejeli, tako kot je bilo predlagano."
6,Kdo je za predlog amandmajaRomana Jakiča?
3,Kdo je za?
3,Je kdo proti?
4,Se je kdo vzdržal?
24,"Ugotavljam, da je amandma k 20. členu Romana Jakiča, da se v drugi alinei doda besedilo ""in dopusta za varstvo in nego otrok"", sprejet."
2,21. člen.
6,Amandma odbora za podjetništvo in obrt.
2,Prvi amandma.
20,"Tretja alinea prvega odstavka naj se spremeni tako, da se glasi: ""Če mu pristojni organ z odločbo prepove opravljati dejavnost""."
15,"Sedaj se glasi tretja alinea ""če mu pristojni upravni organ z odločbo prepove opravljati dejavnost""."
8,"Predlagatelj ne soglaša, Zakonodajno-pravna komisija tudi ne podpira."
17,"Kdo je za sprejem amandmaja Odbora za podjetništvo in obrt, da se spremeni tretja alinea prvega odstavka?"
3,Kdo je za?
3,Je kdo proti?
4,Se je kdo vzdržal?
16,"Ugotavljam, da amandma Odbora za podjetništvo in obrt, glede spremembe tretje alinee prvega odstavka, ni sprejet."
13,In drugi amandma: črtata se osma in štirinajsta alinea drugega odstavka tega člena.
53,"Začetek odstavka se glasi: ""Zasebnik se izbriše iz registra po samem zakonu."" Potem je ""je naštet cel regiment alinej, če gre v pokoj itn., no in 8. je, ""če pri opravljanju svoje dejavnosti zaposluje več delavcev, kot je dovoljeno z zakonom"" in zadnja 14., ""če preneha soglasje delodajalca iz 13. člena tega zakona""."
18,"Predlagatelj ne soglaša s črtanjem teh dveh alinej, Zakonodajno-pravna komisija tudi ne soglaša s črtanjem teh dveh alinej."
17,"Sprašujem vas, kdo je za predlog, da se osma in štirinajsta alinea drugega odstavka tega člena črtata."
3,Kdo je za?
3,Je kdo proti?
4,Se je kdo vzdržal?
12,"Ugotavljam, da ta drugi amandma, glede osme in štirinajste alinee, ni sprejet."
21,"In tretji amandma: Deseta alinea drugega odstavka se spremeni tako, da se besede ""pristojni upravni organ"", nadomestijo z besedami ""pristojni organ""."
3,Predlagatelj ne soglaša.
4,Zakonodajno-pravna komisija ne soglaša.
23,"Sprašujem poslance, kdo je za predlagani amandma, da se besede v deseti alinei drugega odstavka ""pristojni upravni organ"" nadomesti z besedami ""pristojni organ""."
3,Kdo je za?
3,Je kdo proti?
4,Se je kdo vzdržal?
11,"Tretji amandma ni sprejet, kjer gre za deseto alineo drugega odstavka."
6,Pripeljali smo se do 22. člena.
7,Prvi amandma Odbora za podjetništvo in obrt.
4,Črta se ta člen.
11,"Predlagatelj ne soglaša, Izvršni svet ne podpira, Zakonodajno-pravna komisija ne podpira."
6,Gre za oznako in sedež zasebnika.
20,"Sprašujem vas, kdo je za sprejem amandmaja, ki ga predlaga Odbor za podjetništvo in obrt, da se črta 22. člen?"
3,Kdo je za?
3,Je kdo proti?
4,Se je kdo vzdržal?
14,Torej amandma Odbora za podjetništvo in obrt glede črtanja tega 22. člena ni sprejet.
5,In drugi amandma Zakonodajno-pravne komisije.
21,"Prvi stavek se spremeni tako, da glasi: ""Zasebnik posluje z oznako, ki vsebuje njegovo osebno ime, naziv dejavnosti in sedež zasebnika""."
10,Predlagatelj se strinja s to spremembo in kaj menite poslanci?
6,Ste za to spremembo ali ne?
3,Kdo je za?
3,Je kdo proti?
4,Se je kdo vzdržal?
13,"Ugotavljam, da je ta amandma, kjer gre za spremembo oznake, Zakonodajno-pravne komisije, sprejet."
8,"24. člen, amandma Odbora za podjetništvo in obrt."
24,"Besedilo v prvem odstavku: ""Register zasebnikov vodi občinski upravni organ za splošno-upravne zadeve"", se nadomesti z besedilom: ""Register zasebnikov vodi pristojni občinski upravni organ""."
10,"Predlagatelj soglaša, Izvršni svet tudi soglaša, Zakonodajno-pravna komisija tudi podpira."
8,Kdo od poslancev je za sprejem tega amandmaja?
3,Je kdo proti?
4,Se je kdo vzdržal?
13,"Ugotavljam, da je amandma k 24. členu Odbora za podjetništvo in obrt sprejet."
2,25. člen.
63,"Prvi amandma Izvršnega sveta z dne 15.11.1990 je redakcijski amandma, in sicer: Prva alinea se spremeni tako, da se glasi: ""Priimek in ime, enotna matična številka občana ter stalno in začasno prebivališče zasebnika"" in tretja alinea se spremeni tako, da se glasi: ""Ime, pod katerim zasebnik opravlja dejavnost, morebitno simbolično ime in znak ter sedež oziroma naslov, kjer opravlja dejavnost, stroko."" Predlagatelj soglaša."
13,"In ugotovimo, ali soglašate s tem amandmajem tudi poslanci v Zboru združenega dela."
5,Kdo je za redakcijsko spremembo?
3,Je kdo proti?
4,Se je kdo vzdržal?
9,"Ugotavljam, da smo prvi amandma k 25. členu sprejeli."
10,"Drugi amandma ima Zakonodajno-pravna komisija, ki je tudi redakcijskega značaja."
9,"Črta se zadnja alinea: ""naziv delovnega prostora po nomenklaturi""."
8,"Predlagatelj soglaša, kaj pa poslanci Zbora združenega dela?"
7,Kdo je za sprejem tega redakcijskega amandmaja?
3,Je kdo proti?
4,Se je kdo vzdržal?
7,"Ugotavljam, da je ta amandma tudi sprejet."
6,"K 27. členu, amandma Zakonodajno-pravne komisije."
6,Črta se napovedni stavek drugega odstavka.
2,Predlagatelj soglaša.
10,"Tu gre za kazenske določbe, verjetno ste našli v zakonu."
7,"Kdo je za to, da se črta"
4,napovedni stavek drugega odstavka?
3,Kdo je za?
3,Je kdo proti?
3,Se kdo vzdržal?
17,"Ugotavljam, da je amandma Zakonodajno-pravne komisije k 27. členu, da se črta napovedni stavek drugega odstavka, sprejet."
9,Drugi amandma pa ima Odbor za podjetništvo in obrt.
8,Črta se prva alinea prvega odstavka tega člena.
12,"Predlagatelj ne soglaša, Izvršni svet ne podpira, Zakonodajno-pravna ne podpira tega amandmaja."
4,Gre za zaposlovanje delavcev.
19,"Kdo je za sprejem amandmaja Odbora za podjetništvo in obrt, da se črtata prva alinea prvega odstavka tega člena?"
3,Kdor je za?
3,Je kdo proti?
4,Se je kdo vzdržal?
19,"Ugotavljam, da ta amandma Odbora za podjetništvo in obrt glede črtanja prve alinee prvega odstavka tega člena ni sprejet."
15,"28. člen, amandma Izvršnega sveta in enak amandma odbora za kulturo in varstvo kulturne dediščine."
4,Ta člen se črta.
31,"Gre za 28. člen Predlagatelj ne soglaša, Izvršni svet podpira, Zakonodajno-pravna komisija podpira. 28. člen je kratek: ""Z dnem, ko začne veljati ta zakon, preneha veljati zakon o samostojnih kulturnih delavcih""."
7,Jaz bi dal to takoj na glasovanje.
15,Predlog je amandma Izvršnega sveta in enak amandma Odbora za kulturo in varstvo kulturne dediščine.
8,"Ta dva predlagata, da se ta člen črta."
7,Tu so že prehodne in končne določbe.
19,"Kdo je za amandma Izvršnega sveta in Odbora za kulturo in varstvo kulturne dediščine, da se 28. člen črta?"
3,Je kdo proti?
4,Se je kdo vzdržal?
18,"Ugotavljam, da je amandma Izvršnega sveta in Odbora za kulturo in varstvo kulturne dediščine glede 28. člena, sprejet."
10,"29. člen, amandma odbora za kulturo in varstvo kulturne dediščine."
33,"Črtata se prvi in drugi odstavek tega člena: ""Samostojni kulturni delavci, ki ob uveljavitvi tega zakona že opravljajo dejavnost, morajo uskladiti svoje poslovanje s tem zakonom v šestih mesecih po uveljavitvi tega zakona""."
14,"Odbor za kulturo in varstvo kulturne dediščine predlaga, da se ta prvi stavek črta."
29,"In drugi odstavek za katerega tudi pravijo, da naj se črta se glasi: ""Pristojni ministrski organ opravi zanje vpis v register zasebnikov po določilih tega zakona po uradni dolžnosti."
5,"Pri tem dopolni dodatne podatke""."
3,Predlagatelj ne soglaša.
5,Zakonodajno-pravna komisija izgleda da podpira.
26,"In vas vprašam, kdo od poslancev je za to, da sprejmemo amandma Odbora za kulturo in varstvo kulturne dediščine, da se črtata prvi in drugi odstavek."
5,Kdo je za to črtanje?
3,Je kdo proti?
4,Se je kdo vzdržal?
21,"Torej amandma Odbora za kulturo in varstvo kulturne dediščine, da se črtata prvi in drugi odstavek tega 29 člena ni sprejet."
14,"In drugi amandma, ki ga ima zakonodajno-pravna komisija, ki je iz dodatnega poročila, 20.11."
32,"In sicer tretji odstavek 29. člena se spremeni tako, da se glasi: ""Izvršni svet Skupščine Republike Slovenije izda predpis iz drugega odstavka 19. člena tega zakona v treh mesecih po uveljavitvi zakona""."
21,"Zakonodajno-pravna komisija hkrati predlaga, da Izvršni svet umakne svoj amandma k temu členu, ker je že zajet v amandmaju Zakonodajno-pravne komisije."
6,Ali Izvršni svet umika svoj amandma?
16,"Predlagatelj tudi soglaša z mnenjem Zakonodajno-pravne komisije in vas prosim, poslanci in poslanke, da se izjasnite."
9,Kdo je za amandma zakonodajno-pravne komisije k 29. členu?
3,Je kdo proti?
4,Se je kdo vzdržal?
6,"Ugotavljam, da je ta amandma sprejet."
18,"Sedaj, ko smo to dokaj težko delo opravili, bomo seveda morali še sprejeti zakon z amandmaji v celoti."
6,In vas prosim najprej za prisotnost.
4,Koliko vas je prisotnih?
2,Ste vsi?
28,"Moram vas lepo prositi, da se vrnemo za en odstavek nazaj zaradi tega, ker glede na izid glasovanja ni bilo tako kot smo zdaj ugotovili, koliko nas je."
10,"Jaz vas zdaj še enkrat prosim, bodimo resni, prisotnost najprej."
12,"In zdaj se moramo žal vrniti k temu, kar smo nazadnje glasovali."
38,"Gre za drugi amandma Zakonodajno-pravne komisije na tretji odstavek 29. člena, ki se spremeni tako, da se glasi: ""Izvršni svet Skupščine Republike Slovenije izda predpis iz drugega odstavka 19. člena tega zakona v treh mesecih po uveljavitvi zakona."""
27,"Mi smo ugotovili, da je tu soglasje tudi predlagatelja, da je to amandma Izvršnega sveta in Zakonodajno-pravne komisije, na tak način, da to glede tega ni sporno."
20,"Sporno je seveda samoglede glasovanja in zato vas vprašam, kdo je za amandma zakonodajno-pravne komisije, tako kot sem ga prečital."
3,Kdo je za?
3,Je kdo proti?
4,Se je kdo vzdržal?
21,"Torej tako kot sem že prej ugotovil, da je ta amandma sprejet, samo da je zdaj tudi s številkami pravilno ovrednoten."
1,Hvala.
26,"Zdaj glede na to, da moramo sprejeti še cel zakon z amandmaji, bom še enkrat rekel, saj to je včasih dolgočasno, ampak vseeno prisotnost moramo ugotoviti."
3,Ste vsi tukaj?
12,Kdo je za sprejem zakona z amandmaji o zasebnem delu v celoti?
3,Je kdo proti?
4,Se je kdo vzdržal?
13,"Ugotavljam, da je zakon z amandmaji o zasebnem delu z večino glasov sprejet."
32,"Ker pa je seveda med zbori nekaj razlik, tudi že med zborom občin, tako kot je on sprejel, kaj bodo rekli na Družbenopolitičnem zboru še točno ne vemo, bo tu potrebno usklajevanje."
49,"In zato, da bi mi to usklajevanje lahko že opravili in ker to velja tudi še za zakon o obrambi in zaščiti z osnutkom zakona, bi predlagal petčlansko usklajevalno skupino, ki bi usklajevala vse kar je v zvezi s tema dvema aktoma, to se pravi z enim in drugim."
28,"Predlagal bi, da bi v tej usklajevalni komisiji bilo naslednjih pet naših poslancev, in sicer Jože Berlec kot vodja, Andrej Šter, Leopold Drame, Dejan Murko in Franc Ban."
12,"Ta komisija bi odšla takoj v sobo 217, pa še gospod Jakič."
11,"Kdo je za to, da dela naša komisija v našem imenu?"
3,Je kdo proti?
4,Se je kdo vzdržal?
3,Torej imamo komisijo.
7,Gospod Toplak nam je poslal naslednji sklep:
17,"""Obveščam vas, da je Družbenopolitični zbor ob obravnavi predloga dnevnega reda 10. seje zbora oblikoval naslednja sklepa:"
25,"""1. Čimprej naj se sestanejo predsedniki zborov s predstavniki Izvršnega sveta zaradi uskladitve dnevnega reda ter hkrati ugotovijo, katere zadeve so nujne za obravnavo; in"
31,"2. Predsedniki zborov naj skupaj s predstavniki Izvršnega sveta storijo vse, da se o najpomembnejših sistemskih vprašanjih, sistem davkov in osebnih dohodkov na današnji seji le razpravlja, odločitev pa sprejme 27.12."""
7,To je pa že bolj delikatna zadeva.
10,Jaz bi vam predlagal naslednje: imejmo odmor do pol dveh.
10,"Kakorkoli, če bo gneča doli, boste pa kam drugam šli."
6,Ob pol dveh se dobimo tukaj.
1,Velja?
9,S tem smo zaključili 11. sejo Zbora združenega dela.
