7,"Spoštovane delegatke in delegati, gospe in gospodje!"
9,Pričenjam nadaljevanje 28. seje Zbora občin Skupščine Republike Slovenije.
42,"Za današnjo sejo zbora so se opravičili: Vika Potočnik, Janoš Bukovec, Bruno Podveršič, Tomaž Pavšič, Janez Jug, Danijel Starman, Janez Stariha, Vitomir Gros, Alojz Metelko, ki pa je tukaj, Ivan Ateljšek, dr. Marjan Mlakar, dr. Cvetko Gradišar, Miloš Senčur in Isabela Flego."
9,Po podatkih službe je na seji prisotnih 43 delegatov.
4,"Prosim, da ugotovimo prisotnost!"
0,.
10,"Medtem naj povem približno, kako naj bi potekalo današnje delo."
13,"Najprej bi nadaljevali prejšnjo sejo, se pravi tisto, kar nam je ostalo zadnjič."
31,"Nato bi obravnavali v tem okviru tudi predlog delovne skupine za zakon o zadrugah, tako da opravimo en del tega usklajevalnega postopka, nato pa bi šli naprej z nadaljevanjem včerajšnje seje."
36,"Glede zakona o osebnih dohodkih bi rekel to: da danes ob 12. uri zaseda še matični odbor, tako, da bi glasovanje o tem zakonu opravili potem, ko ta odbor konča, se pravi predvidoma po popoldanskem odmoru."
34,"Do približno 13. ure ali 13,15 ure bi delali, potem bi imeli odmor, popoldne bi pa nadaljevali v dvorani na Tomšičevi, ker se ob 14. uri zbere v tej dvorani tudi Zbor združenega dela."
37,"Prosil bi vas še, da tisto, kar je bilo gradiv, ki jih je tu zapustil Zbor združenega dela, da morda spravite v predal, v vsakem primeru pa da ne bi to kam odvrgli, zavrgli ali pa zamešali."
4,Toliko še okrog tega.
5,Zdaj bi ponovno preverili prisotnost.
0,.
11,"Ugotavljam, da je zbor sklepčen, da lahko pravno-veljavno razpravlja in sklepa."
23,"Za to naše današnje nadaljevanje so nam iz prejšnjih sej ostale še nedokončane zadeve, nekatere iz 25. seje in pa s 27. seje."
52,"Iz dnevnega reda včerajšnje seje pa smo zaključili obravnavo predloga zakona o praznikih in dela prostih dnevih Republike Slovenije in predloga zakona o spremembah in dopolnitvah zakona o izplačevanju osebnih dohodkov in nekaterih drugih prejemkov delavcev za leto 1991 s tem, da smo pri tem drugem zakonu sklepanje odložili na današnji dan."
19,"Kolikor sem obveščen, smo tudi pri prvem omenjenem zakonu, se pravi pri Zakonu o praznikih, neusklajeni z ostalimi zbori."
29,"Glede na to, da Zbor združenega dela danes nadaljuje kot rečeno sejo ob 14. uri, predlagam, da se najprej lotimo, kot rečeno, preostalih zadev s 25. in 27. seje."
31,"S 25. seje kot veste, nam ostaja še del lastninske zakonodaje, iz tega okvira bi danes, kot rečeno opravili del usklajevanja zakona o zadrugah ali pa vsega, če bo sreča mila."
38,"Če dam še celovit pregled, kaj nam ostaja s 25. seje: razen predloga zakona o zadrugah, kjer imamo predlog medzborovske delovne skupine za ponovno obravnavo, ki ga bomo kasneje obravnavali, poročilo te delovne skupine pa ste že prejeli."
28,"Razen tega akta imamo še predlog zakona o lastninskem preoblikovanju podjetij, predlog zakona o Agenciji in predlog zakona o Skladu za razvoj, če na kratko navajam te akte."
18,O teh zadnjih treh navedenih aktih v okviru tega nadaljevanja žal še ne bomo mogli kaj več reči.
67,"S 27. seje zbora, ki je bila pa 23. in 24. oktobra pa nam je ostalo sledeče: opravili smo obravnavo o vseh točkah dnevnega reda, razen točke pobude, predlogi in vprašanja delegatov, vendar smo odložili sklepanje o problematiki beguncev in o predlogu za izdajo zakona o spremembah in dopolnitvah zakona o delnem povračilu škode, povzročene z vojaško agresijo na Republiko Slovenijo v letu 1991, s predlogom zakona."
25,"Naj vas obvestim, da je Družbenopolitični zbor sprejel predlog zakona o spremembah in dopolnitvah zakona o državljanstvu, ki ga je predlagala skupina delegatov Liberalno-demokratske stranke."
11,"Naš zbor pa tega zakona ni sprejel, oziroma ga je zavrnil."
11,Zato moramo v skladu s 306. členom poslovnika izvesti usklajevalni postopek.
15,"Gre za to, da je potrebno izvoliti skupno komisijo, ki naj bi pripravila sporazumni predlog."
17,"Gre za skupno komisijo Zbora občin in Družbenopolitičnega zbora, ker Zbor združenega dela za to ni pristojen."
23,"Je pa, kot smo videli, obravnaval ta zakon kot zainteresirani zbor in je zavzel enako stališče, kot ga je potem tudi naš zbor."
37,"V skupno komisijo predlagam naslednje delegate, ker smo 24. oktobra že imenovali delovno skupino, navajam kar tiste, ki so bili imenovani v to delovno skupino: Branka Novaka, dr. Ivana Vivoda, Slavka Dragovana, Janeza Lukača in Boruta Razdevška."
6,Ali ima kdo kakšen spreminjevalni predlog?
8,"Če ne, dajem na glasovanje tako sestavo komisije."
3,Poglejmo najprej prisotnost!
5,Kdo je za tak sestav?
3,Kdo je proti?
1,Vzdržani?
9,"Ugotavljam, da je predlagana komisija z večino glasov potrjena."
25,"Naj vas še obvestim, da bo predlog Zakona o dopolnitvi zakona o državljanstvu, katerega je predložil Izvršni svet, Družbenopolitični zbor obravnaval v okviru današnje seje."
11,"Predlagam, da izvoljeno komisijo pooblastimo tudi za morebitno usklajevanje tega zakona."
5,Ali kdo temu predlogu nasprotuje?
1,Ne.
12,"Ugotavljam, da je ta komisija pooblaščena tudi za drugi zakon o državljanstvu."
33,"Najprej bi se od nedokončanih zadev lotili PREDLOGA ZA IZDAJO ZAKONA O SPREMEMBAH IN DOPOLNITVAH ZAKONA O DELNEM POVRAČILU ŠKODE, POVZROČENE Z VOJAŠKO AGRESIJO NA REPUBLIKO SLOVENIJO V LETU 1991 S PREDLOGOM ZAKONA."
35,"Razpravo o predlogu zakona smo opravili na seji, dne 24. 10. 1991, sklepanje pa odložili zaradi povezanosti njegove vsebine za obravnavo vprašanja, na katera so posamezni poslanci želeli odgovor preden bi o tem zakonu odločali."
9,Želi s tem v zvezi besedo predstavnik Izvršnega sveta?
11,"Prosim, gospa Ahčan, pomočnica ministra za varstvo okolja in urejanje prostora."
1,Spoštovani!
51,"Glede na to, da so z zakonom o delnem povračilu škode, povzročene z vojaško agresijo na Republiko Slovenijo, določeni viri za sanacijo direktne škode, povzročene z vojaško agresijo, je Izvršni svet ob razpravi, ki je bila dana na tem zboru, ocenil, da bo pripravil kompletno poročilo o sanaciji te direktne škode."
27,"Zato predlaga, da zbor obravnavo o spremembah in dopolnitvah zakona opravi, ko vam bo podano to poročilo, to pa bo predvidoma 10. decembra na vašem zasedanju zbora."
1,Hvala.
2,Hvala lepa.
17,"Slišali smo predlog Izvršnega sveta, da sprejemanje tega zakona preložimo na sejo, predvidoma 10. decembra t.l."
6,Želi o tem predlogu kdo razpravljati?
1,Ne.
7,Potem dajem tak proceduralni sklep na glasovanje.
5,Kdo je za tako odločitev?
1,Proti?
1,Vzdržani?
7,"Ugotavljam, da smo ta sklep soglasno sprejeli."
17,"Torej, v okviru te 27. seje to točko zaključujemo in jo bomo obravnavali ponovno na naslednji seji."
20,"Prehajamo zdaj na 2. nezaključeno točko s 27. seje - PROBLEMATIKA BEGUNCEV, UBEŽNIKOV IN PRIBEŽNIKOV V REPUBLIKI SLOVENIJI IZ REPUBLIKE HRVAŠKE."
37,"Kot sem že uvodoma omenil, smo razpravo o tej problematiki opravili dne 24.10.1991, sklepanje pa odložili s tem, da nam Izvršni svet predloži dopolnilna stališča in odgovore na vprašanja in pripombe iz razprave delegatov na seji zbora."
4,To ste včeraj prejeli.
27,"Hkrati pa smo zadolžili Komisijo za obrambo, da na podlagi dodatnih odgovorov in stališč Izvršnega sveta pripravi predlog stališč in sklepov, ki naj bi jih sprejel zbor."
22,"Komisija za obrambo je to obravnavala na včerajšnji seji in pripravila predlog stališč in sklepov, ki ste jih danes prejeli na klop."
13,Prav tako ste prejeli predlog stališč Komisije za človekove pravice in državljanske svoboščine.
6,Želijo besedo predstavniki teh delovnih teles?
6,Ali je tu kakšen ustrezen predstavnik?
1,Prosim!
4,Besedo ima Vekoslav Rajh.
25,"Načelnik Republiškega štaba za civilno zaščito, ki v tem trenutku koordinira, organizira in usmerja reševanje problematike vojnih beguncev iz območja Hrvaške, zato mi dovolite besedo."
35,"Na začetku bi poudaril nekatere posebnosti na tem področju, nato pa skušal podati določena mnenja v zvezi z razpravo in razmišljanjem gospodov poslancev tega zbora, ko ste to problematiko že obravnavali na vaši zadnji seji."
56,"Glede na probleme v zvezi s številčnim stanjem, ko je, kot veste, še pred kratkim bil dnevni dotok teh beguncev po 1000 oseb, je stanje že nekaj dni stabilizirano nekje med 21.000 in 21.500, seveda pa je dejstvo, da takega stanja vseeno ne more dalj časa vzdrževati, ker so pri tem prisotni predvsem veliki finančni problemi."
21,"Odprta vprašanja, ki bi jih poudaril in ki smo jih tudi v gradivu poudarjali doslej, so predvsem, prvo; status teh oseb."
65,"Mi predlagamo, da se zaenkrat ta status ne menja, kajti ob upoštevanju določb, kot so bile tudi nekatere vaše razprave, ob upoštevanju določb zakona o tujcih, bi bilo po našem mnenju več negativnih, kot pa pozitivnih posledic, ker v glavnem poznate določbe tega zakona, kaj to pomeni; do dveh let je potem taka oseba lahko pri nas, podobne pravice in svoboščine, kot ostali državljani itn."
19,"Drugi problem, ali odprto vprašanje je odnos Hrvatov do razreševanja in bi prosil tudi za vaša mnenja in stališča."
36,"Predvsem gre tukaj za konkretno nerealizirane stvari, zadeve, ravno zaradi njihovega pasivnega odnosa do tega problema, kot je premeščanje beguncev v Istro, kot je neplačevanje dogovorjenih stroškov za nujno medicinsko pomoč, za stroške porodnic, dojenčkov ipd."
15,"Drugi odprti problem ali vprašanje je intenziviranje internacionalizacije tega problema, oziroma pridobivanja predvsem mednarodne pomoči."
47,"Moram omeniti, da po pogovoru s predstavniki urada Visokega komisariata za begunce in pa UNICEF-a, ki so bili pri nas na obisku 6. in 7.11.1991, smo že posredovali zahtevek po artiklih, ki jih potrebujemo, s poudarkom na zdravilih, na cepivih, na pomoči za porodnice oziroma dojenčke ipd."
76,"Vsemu temu predlagamo, da bi potem tudi v začetku decembra temeljito ocenili vse probleme in upoštevaje stanje takrat in pa tudi neko prognozo eventualnega prihoda novih beguncev, da spregovorimo takrat tudi o eventualnemu sprejemu zakona o beguncih, morda tudi profesionalizaciji tega dela, kajti vsi se zdaj ukvarjamo v resorjih in v republiškem štabu, občinah, poleg svojega rednega dela s to problematiko, pa tudi končno o finančnem problemu zagotavljanja enega stabilnega finančnega vira za reševanje tega problema."
35,"Rad bi tukaj poudaril, da smo že vsebine vseh zadnjih vaših razprav vmestili nekako med naše nadaljnje aktivnosti na tem področju in takšnih razprav, predlogov in pobud si želimo seveda z vaše strani tudi danes."
13,Na nekatere ključne in posebej zanimive razprave želim tudi dati še neka pojasnila.
62,"Torej prvo, pri razreševanju problematike oseb, ki so se v Republiko Slovenijo zatekle v avgustu in na to intenzivneje v mesecih septembru in oktobru pred vojno, nasiljem, nevarnostmi in tako naprej, smo se mi v Sloveniji vseskozi reševali z dvema kategorijama teh oseb; in sicer prvo so bili to pribežniki, ter ubežniki ali dezerterji, ki so jih obravnavali organi za notranje zadeve."
25,"Celotno število je znašalo okrog 3200 oseb, njihovo namestitev in pa prehranjevanje pa smo zagotavljali skupaj z ostalimi kategorijami teh ljudi, s sredstvi republiškega proračuna."
11,Celotno to problematiko so organi za notranje zadeve razrešili do 8.10.
67,"Torej te druge začasne, individualne in skupinske migrante z območja Hrvaške, pa so na osnovi humanitarnih in socialnih načel, ki jih sprejema naša republika, najprej reševale humanitarne in druge organizacije kot sta Rdeči križ in Karitas, pa tudi redne dejavnosti kot so centri za socialno delo, na to pa, na podlagi odločitve Izvršnega sveta Skupščine Republike Slovenije republiški štab za civilno zaščito, skupaj z medresorsko delovno skupino."
15,No in te osebe smo mi imenovali ali poimenovali vojni begunci z območja Republike Hrvaške.
20,"No, zakaj smo to obravnavali; to je bila, med drugim tudi diskusija na vaši seji, ko ste obravnavali to problematiko."
62,"Republiški štab za civilno zaščito je namreč imel izdelan načrt in usmeritve za eventualno namestitev in oskrbo ogroženih in prizadetih državljanov Slovenije, prav tako imajo Občinski štabi za civilno zaščito podobne načrte, no in tu smo potem, lahko bi rekel, brez težav in problemov zelo hitro pristopili k izvajanju tega ukrepa tudi za te, tako imenovane vojne begunce z območja Republike Hrvaške."
27,"Torej izvajanje tega ukrepa v bistvu pomeni, da lahko v precej kratkem času in zahtevnim okoliščinah zagotovimo osnoven pogoje za življenje velikemu številu ogroženih in prizadetih ljudi."
29,"To smo mi imeli že prej, zaradi morebitnih večjih naravnih nesreč za naše občane pripravljeno, in tako smo lahko te načrte uporabili za oskrbo vojnih beguncev z območja Hrvaške."
64,"No, naloga Republiškega štaba za civilno zaščito in medresorske delovne skupine so bile predvsem opredelitev kriterijev glede sprejema in namestitve teh prizadetih oseb, pomoč pri izdelavi načrtov organizacije, sprejema in namestitve beguncev po občinah, vzpostavljanje teh prehodnih centrov republiškega pomena, ki jih je v tem trenutku 11 v Republiki Sloveniji, in sodelovanje z ustreznimi organi ter resorji v Republiki Hrvaški pri reševanju te problematike."
42,"Morebiti pojasnilo; torej z oblikovanjem ustrezne terminologije na tem področju pravzaprav nismo želeli, v civilni zaščiti in tudi pristojnost civilne zaščite to ni, da bi priznavala status, oz. da bi podeljavala status begunca, kot je bilo v razpravi vaših poslancev zadnjikrat izraženo."
35,"Gre v bistvu tukaj samo za to, da omogočamo na ta način razločevanje ljudi, ki bodo ali ki ne bodo v Republiki Sloveniji deležni naše zaščite, oz. pomoči na podlagi teh humanitarnih in socialnih načel."
48,"Sicer je pa v skladu z ustreznimi zakonskimi določbami Zakona o obrambi in zaščiti poveljnik Civilne zaščite Republike Slovenije ves čas o podvzetih aktivnostih obveščal Izvršni svet republiški in ta je tudi oblikoval ustrezne sklepe, katere je potem posredoval tudi vaši skupščini, tudi vašemu zboru in tako naprej."
147,"No, iz številčnega stanja vojnih beguncev izhaja, da so predvsem obmejne občine resnično obremenjene, tako kot je bilo prav v vaših razpravah ugotovljeno, to predvsem velja za Novo mesto, Metliko, Koper, Črnomelj; v vseh teh občinah so pa vendarle organizirani prehodni centri za begunce, kar pomeni, da za dvesto beguncev v Metliki, za 150 v Črnomlju, za 600 v Novem mestu, prejemajo iz republiškega proračuna teh tristo tolarjev po beguncu dnevno, k temu moramo prišteti še čisto konkretno pomoč posebej po petsto petdeset tolarjev pomoči za ostarele, psihično in fizično prizadete begunce, ki so v teh občinah posebej nameščeni v domovih za ostarele občane ali v ustreznih zavodih in tako naprej in k temu moram poudariti, da še na ta območja intenzivneje pošiljamo tudi to enkratno pomoč družinam v paketih živil in živilskih izdelkov; teh tisoč tolarjev po beguncu kar prejme družina, ki skrbi za takšnega begunca."
54,"Res je, predvsem v občini Metlika je situacija dejansko specifična tudi, kajti begunci tam, v tej občini čez dan delajo na svojih posestih doma, na Hrvaškem ponoči pa se vračajo; bodisi jih po dogovoru nekaj gre čez dan nahraniti vsak dan živino ali opraviti ustrezna poljska dela, kar seveda v drugih občinah ni značilno."
21,"To seveda je lahko na nek način seveda nekaj pozitivnega, lahko pa je to seveda še večje breme za tako občino."
25,"Izven omenjenega okvira te pomoči, ki sem jo omenil je seveda Republika Slovenija ne more širiti pomoči, ker enostavno ni kakršnihkoli danih virov za to."
53,"Mi podpiramo, tukaj, v tem zboru izražen predlog po oblikovanju mednarodnega apela za razreševanje problematike vojnih beguncev v Sloveniji; predvsem potrebujemo pomoč v denarju, oz. specifičnih predmetih in artiklih, ki jih zaradi stanja, kot veste v bivši Jugoslaviji in pa zaradi ukrepov Evropske skupnosti, ne bomo mogli zagotavljati in ne bomo mogli uvažati."
49,"Doseči bi bilo potrebno tudi, da bi tuje države morda nabavljale opremo in sredstva, ki jih namenjajo razreševanju problematike beguncev tukaj pri nas, pri naših podjetjih, tako, da bi s tem bil pravzaprav dosežen večkratni učinek in to je neki dogovor s predstavniki visoke Komisariata za begunce in UNICEF-a."
26,"V takšen apel bi pa bilo seveda smotrno vključiti ne samo dežele delovne skupnosti Alpe Jadran, pač pa vso Evropo in tudi druge dežele ali države."
54,"Podpiramo tudi večje angažiranje, kot ste razpravljali, sredstev informiranja, kar velja tako za slovenska in tudi hrvaška, morebiti bi bilo potrebno vsak teden objavljati uradne komunikeje, kjer bi za slovensko in hrvaško javnost, pa seveda predvsem begunce, objavljali sklepe, bodisi naše medresorske skupine, vlade, parlamenta, drugih organov in organizacij, ki to problematiko rešujejo, obravnavajo."
22,"Predvsem pa bi morali nekje objavljati pravice in dolžnosti teh beguncev, kriterije, kdaj in kako jim lahko odpovemo gostoljubje, oz. odvzamemo status."
40,"Smatramo, da je tukaj predvsem potrebno pozvati Hrvate, mi smo na svoji ravni naredili, strokovni, da tudi oni pričnejo z informiranjem beguncev o stanju na Hrvaškem in o drugih aktualnostih kot je izplačevanje pokojnin, uveljavljanje zdravstvene zaščite in tako dalje."
74,"Ugotovitve v različnem gmotnem položaju beguncev, kot je bilo tudi tukaj izraženo v tem zboru, so dejanske, evidentne; da bi zdaj preprečili kakršnokoli izkoriščanje našega gostoljubja ali pa s tem povezane anomalije, smo predlagali občinam, da seveda rangirajo begunce predvsem na začetku ko prihajajo, v tem smislu, da od njih zahtevajo, da bodisi v celoti sami plačujejo stroške oskrbe in namestitve dokler je to mogoče ali pa saj deloma participirajo k plačevanju teh stroškov."
40,"Mislim, da se bo situacija popravila predvsem takrat, ko bo ta plačilni promet urejen, kajti veliko beguncev želi te stroške pokrivati ali v celoti ali pa participirati, vendar nima možnost sprejemati pokojnino, dvigniti svoje prihranke v hrvaških bankah in podobno."
24,"Poleg tega smo mi o kriterijih opredelili, torej bi rekel, smo zelo varčni, racionalni, da jim nudimo samo osnovne oz. najnujnejše pogoje za življenje."
17,"Tudi sami bi želeli, da imamo čim manj beguncev v hotelih, kot ste temu oporekali, oz. kritizirali."
27,"Izgleda, da ta rešitev za občine bila najhitrejša, in najlažja, predvsem zato, ker nismo tudi mogli predvideti, da bo problematika tako dolgo trajala in se celo stopnjevala."
55,"Dali smo usmeritve, pobude in predlagamo tudi tukaj, da občine ponovno preverijo pogoje in jih znižajo na razumno mejo, da se nekako poenotimo, da bivajo ti ljudje v dijaških domovih, samskih domovih, da gremo tudi v utesnitev sob, namesto tam, kjer sta dve ležišči naj bodo štiri in tako dalje; racionalizacija pri prehrani in podobno."
11,"Seveda vse to je pa, opozarjam, treba v praksi tudi izvajati."
30,"Zdaj z Ministrstvom za notranje zadeve je potrebno ugotoviti, kaj bi za takšno število beguncev pomenilo priznanje statusa v skladu z zakonom o tujcih, to je bila tudi vaša razprava."
32,"Predstavniki urada Visokega komisariata, OZN za begunce, so nam takrat ob obisku v Sloveniji izrazili, da je seveda naša republika ob pridobitvi ustreznih elementov samostojne države, pridobila tudi možnost podeljevanja takega statusa."
23,"Nato pa je seveda potem vezana tudi mednarodna pomoč, kot sem na začetku omenil, to pomeni na nek način tudi ustrezne negativne posledice."
34,"Vlada, moram reči, si je na področju internacionalizacije problema veliko prizadevala ves čas tako v deželah članicah delovne skupnosti Alpe Jadran pa tudi, v odnosu do širše mednarodne skupnosti, da bi pomagale Sloveniji, Hrvaški."
32,"Pomoč, ki smo jo zahtevali, oz. predlagali, se je nanašala na finančno, materialno, kot tudi na predlog, da sosednje države prevzamejo en del ali določeno število beguncev, ki so sicer pri nas."
9,"Moram reči, da se Avstrija trenutno ne odziva, okleva."
11,"Italija je tik pred odločitvijo, da bi prevzela okrog 4.000 beguncev."
12,O tem so nas obvestili in čakamo samo faks o tej odločitvi.
33,"Madžarska, kot je bilo rečeno, zakaj ne tudi v Madžarsko, moramo vedeti, da ima sama preko 38.000 hrvaških beguncev in po našem mnenju ni pričakovati, da bi prevzela še dodatne iz naše republike."
13,Seveda prizadevanja na tem področju za pomoč iz tujine pa potekajo še naprej.
26,"Kritično ste poudarjali, tudi sam moram kritično poudariti, da je odnos Republike Hrvaške do sodelovanja pri razreševanju te problematike slabši kot smo pričakovali ali se dogovarjali."
30,"Predvsem to velja za premeščanje beguncev iz Slovenije v Istro, ki je bilo pravzaprav načrtovano kot prva in da bi šele v nadaljnjih fazah begunce koncentrirali pri nas, v Sloveniji."
8,"Vendar doslej ni bilo to, do včeraj, realizirano."
30,"Včeraj smo s tem premeščanjem in danes in jutri nadaljujemo, vendar bomo lahko premestitve izvedli samo za nekako 400 beguncev iz območja Slovenije, predvsem mater s šolskimi oz. predšolskimi otroki."
84,"Pogojih in načinih, ki so bili takrat dogovorjeni, to je bilo tudi pri vas vprašanje, kaj pomeni ta prvi sklep Izvršnega sveta Republike Slovenije in to, da se izvede to premeščanje pod pogoji in na način, ki je bil dogovorjen med Republikama Hrvaško in Slovenijo, bi obrazložil, da je bilo takrat dogovorjeno, da Republika Hrvaška zagotovi podatke o razpoložljivih, kapacitetah slovenskih podjetij in njenih lastnih kapacitetah, ki bi zadovoljevale kriterije za nameščanje beguncev, torej ogrevanje, ustrezno zaledje zaradi izvajanja pouka, otroškega varstva in podobno."
32,"Drugo, da se v prvi fazi organizirajo praviloma premeščanje družin s šoloobveznimi otroki in tretje, da stroški nastanitve in oskrbe bremenijo proračunska sredstva Republike Slovenije, ko gre za nameščanje v slovenske kapacitete."
33,"Poudaril bi, da je ta dogovor bil predvsem zaradi tega, ker smo na ta način reševali neorganizirano ali pa divje prevzemanje ali nameščanje slovenskih kapacitet s strani hrvaške garde, ""mupovcev"" in tako naprej."
46,"Tako, da je bilo potem mimo tiste uredbe, ki jo je izdalo Ministrstvo za delo na Hrvaškem, ob prevzemu teh kapacitet prav posebej pojasnilo podano, da to za slovenske kapacitete ne velja in da se slovenske kapacitete uporabijo in koristijo samo v dogovoru z Republiko Slovenijo."
15,"Vse seveda ni čisto tako, tudi tukaj, se v tem trenutku ne držijo teh dogovorov."
41,"No mi na izvedbo tega premeščanja insistiramo še naprej in smo Hrvaški tudi predlagali ter zahtevali, da nam dodeli 3000 ležišč v ustreznih svojih objektih, kajti mi smo se vseh naših dogovorov doslej držali in naj bi se jih tudi oni."
37,"Vendar na to zadnje dogajanje; včeraj, predvčerajšnjim je Hrvaški urad za begunce dobil ukaz, da na območju Istre pripravi 15 tisoč kapacitet, ležišč za begunce, predvsem iz Vukovarja, tako da je vprašanje, kako bomo to lahko realizirali."
17,"Osnovne usmeritve, ki smo poslali predvsem zaradi organiziranega, enotnega učinkovitega reševanja te problematike, vendar so zdaj presežene."
29,"Število beguncev, časovno trajanje tega problema in dokaj neugodna prognoza glede ocene možnega prihoda dodatnega števila vojnih beguncev, zahtevajo seveda predvsem ustrezen stabilen izbor financiranja, njihovega nameščanja in oskrbe."
27,"Smatramo pa, da bi poleg tega bile možne oblike reševanja še: v prvi vrsti kriterij ogroženosti območij, glede na njegov generalni učinek, očitno sedaj ni dovolj selektiven."
49,"Doslej je to občina, torej konkretno smo dobivali podatke o občini kot celoti, skorajda nikjer pa pravzaprav na hrvaškem občina kot celota ni ogrožena in bi predvidevali, da bi se ogroženost ocenjevala tudi po posameznih vaseh, oz. krajih, s čimer bi potem nekako omejili prihod beguncev iz posameznih občin."
26,"Seveda je pa to mogoče in to smo tudi zahtevali, le ob maksimalni kooperativnosti hrvaške strani, ki bi nam ažurno pošiljala take podatke o ogroženih območij."
23,"Premeščanje v Italijo, Avstrijo - mi načrte sicer imamo pripravljene, kar pa je za enkrat manj verjetno, kot sem že prej v uvodu omenil."
45,"Vaš predlog je bil in to bomo tudi akceptirali: enakomerno nameščanje po Sloveniji, tako da bi bila tudi obremenitev prilagojena, tako zmogljivostim posameznih občin, povečanje števila beguncev v republiških centrih, kar na nek način pomeni razbremenitev za občine, pomeni pa več sredstev iz republiškega proračuna."
16,"Morda tudi eventualno poostren nadzor na meji, tako da bi omejili vse te dnevne individualne emigracije."
22,"Torej,dosedanji potek,če bi s tem zaključil, reševanje te problematike vojnih beguncev, kaže, da smo mi v Sloveniji prešli dve fazi."
61,"Prva je bila tista, kot sem omenil, volunterska, ko so begunsko problematiko reševale predvsem humanitarne in druge organizacije in ko so se reševali problemi na osnovi humanitarnih, sorodstvenih, prijateljskih, poslovnih in drugih vezi med slovenskim in hrvaškim prebivalstvom in praviloma se je v tej fazi slovenska država izognila vsakršnim stroškom in ta faza je žal trajala sila kratek čas do 16.9.1991."
10,"Drugo je t.i. urgentna faza, ki traja še sedaj."
15,Ta vsebuje reševanje te problematike z vključitvijo Civilne zaščite in rednih dejavnosti iz različnih področij.
38,"Ker pa smo mi zdaj vendarle v Sloveniji, kot ste iz gradiv že razbrali, dosegli eno gornje število beguncev in ker sedanjega števila, takega, kot je zdaj, preko 20.000 ne moremo obdržati dalj časa, predlagamo še dodatne rešitve."
25,"V tej fazi je predvsem smotrno, da se finančno kritje, ker ni dvoma, da gre za velika materialna sredstva, zagotovi na ustrezen način, z zakonom."
60,"Smotrno pa je glede na pričakovane trende tudi pozneje, v kratkem času, sprejeti poseben zakon o vojnih beguncih, kjer bi predvsem opredelili to profesionalno, koordinativno, operativno republiško telo in njegove pristojnosti na tem področju, pristojnosti posameznih resorjev, finančno kritje, namestitve oskrbe, osnovna pravila ravnanja v zvezi z begunci, norme glede oskrbe s hrano, namestitvijo, osebna registracija in druge pomembne značilnosti."
2,Hvala lepa.
1,Hvala.
6,Želi besedo predsednik Komisije za obrambo?
1,Prosim!
6,"Spoštovano predsedstvo, spoštovane kolegice in kolegi!"
9,Pravkar ste prejeli celovito informacijo in odgovore gospoda Rajha.
50,"Mislim, da je bilo to potrebno glede na to, da smo na našem zadnjem zasedanju o tej problematiki imeli izredno veliko vprašanj, pomislekov in zahtev glede razreševanja te problematike, kar je bilo vezano tudi na zakon, o katerem smo prej govorili, ki smo ga odložili do 10. decembra t.l."
11,Glede sklepanja in odločanja na zborih je zadeva v različnih fazah.
25,"Tako je Zbor občin zadolžil Komisijo za obrambo, da naj bi ponovno obravnavala zadevno problematiko in oblikovala sklepe, ki bi bili podlaga za naše odločanje."
13,"Zbor združenega dela je zadolžil Ministrstvo za notranje zadeve, da pripravi ustrezno informacijo."
17,"Ta njihova odločitev je temeljila predvsem na prvi začetni fazi, ko smo se soočali s temi prebegi."
33,"Kot vemo, je takrat bilo govora o številki 3.200 do 3.500 teh beguncev, ki so jih potem seveda obravnavali organi za notranje zadeve in tudi po 8. oktobru vračali nazaj v Republiko Hrvaško."
8,Družbenopolitični zbor o tej problematiki še ni govoril.
9,"Predvidevamo, da bo to danes, nekje v popoldanskih urah."
14,Informacijo o problematiki vojnih beguncev z območja Hrvaške so obravnavala tri delovna telesa skupščine.
19,"To je Komisija za obrambo in zaščito, Komisija za človekove pravice in državljanske svoboščine in Komisija za notranjo politiko."
38,"Opozoriti bi želel predvsem na to, da je Komisija za notranjo politiko povzela sklepe Komisije za obrambo, ker sem na tej seji komisije tudi, kot član Komisije za notranjo politiko sodeloval in jim prezentiral sklepe Komisije za obrambo."
11,Tu so še sklepi Komisije za človekove pravice in državljanske svoboščine.
23,"Glede na tako različno stanje mi dovolite, da opozorim na nekatere naše sklepe, ki smo jih vam v poročilih posredovali danes pred zasedanjem."
30,"Prvič gre za ugotovitev, ki naj bi veljala za ugotovitev zborov naše skupščine, da se aktivnosti glede sprejemanja, nastanitve in oskrbe beguncev izvaja v skladu z opredeljeno politiko Republike Slovenije."
11,To potrjujejo tudi ocene mednarodnega Rdečega križa in pa hrvaških oblasti.
27,"Potrebno pa je še večje sodelovanje in koordinacija vseh dejavnikov, ki sodelujejo pri reševanju te problematike, našteli smo Civilna zaščita, Rdeči križ, Karitas, zdravstvo, sindikat in drugi."
45,"Povedati bi moral, da je pomoči mnogo več,kot je le-ta, ki je bila omenjena in je šla iz proračuna in iz virov sredstev Rdečega križa in Karitasa, saj so nekatere delovne organizacije neposredno zbirale pomoč in jo odpošiljale za begunce in prebivalce Republike Hrvaške."
40,"Zato tudi eden izmed nadaljnjih sklepov, da se v bodoče v okviru te medresorske skupine opravi celovita evidenca te pomoči, tako, da bi lahko, ko bomo obravnavali končno poročilo, imeli pred seboj celovito videnje pomoči Republike Slovenije na tem področju."
57,"Glede na prenapolnjenost zmogljivosti za razmestitev in pa oskrbo ter nadaljnje naraščanje števila beguncev je potrebno še zaostriti merila za pridobitev različnega statusa begunca, tako, da bodo dobili ta status le tisti, ki prihajajo iz najbolj ogroženih območij in ki ga v teh razmerah najbolj nujno potrebujejo in to ne glede na nacionalno, versko in drugo pripadnost."
84,"Komentiral bi to s tem, dobili smo podatke, koliko je trenutno beguncev v Republiki Sloveniji, ob tem, da se ugotavlja, da je cca 10.000 takih, ki niso prijavljeni, bodisi, da gre za ljudi, ki so pri sorodnikih, bodisi, da gre za ljudi, ki so srbske nacionalnosti ali drugih nacionalnosti iz hrvaških vasi, pa imajo seveda objektivne razloge za to, da se tukaj ne prijavijo, bodisi, da bo šlo v bodoče tudi za eskalacijo prihoda beguncev, čeprav, kot pravi gospod Rajh, ta trenutek zadeve stojijo."
19,"Glede na napovedi zvezne vojske in njihovih namer glede napadov na Gospi}, Karlovac, Split, Zadar, Šibenik in ostale kraje."
42,"Skratka, gre za dosego teh ciljev, ki si jih je ta tako imenovana velikosrbska republika postavila in prav gotovo da je pričakovati, če ne bo doseženo premirje, tako, kot v tej smeri potekajo aktivnosti, da bo teh beguncev lahko še mnogo več."
21,"Na pobudo nekaterih predstavnikov komisije iz posameznih občin smo tudi predlagali, da se to breme razdeli med posamezne občine v Sloveniji."
16,"Zlasti največje težave je imela občina Metlika, ki ima cca 7.500 prebivalcev pa preko 1.000 beguncev."
17,"Hkrati smo opozorili tudi na potrebo, da bi se zagotavljali dodatni bivalni prostori za razbremenitev posameznih družin."
53,"Namreč, družine, ki so begunce sprejele, so v neprimerno težjem položaju, kot tiste, ki so v organiziranih in nastanjenih, bodisi hotelskih oblikah ali samskih domovih ali kakršnihkoli drugih objektih, pri čemer je treba opozoriti, da iz nekaterih hotelov že dobivamo opozorila, da bodo morali begunci sprazniti te prostore, ker se bliža zimska sezona."
26,"Smatrali smo, da bi sredstva obveščanja morala biti intenzivnejša na tem področju, zlasti pa tudi, kar zadeva pozitivnega vpliva na samoorganiziranje tovrstne pomoči v Republiki Sloveniji."
37,"Zavzeli smo se za internacionalizacijo posledic vojne na Hrvaškem in pa tudi za to, da bi Skupščina Republike Slovenije in njen Izvršni svet začela uradne postopke za internacionalizacijo problema vojnih beguncev iz območja Hrvaške v naši republiki."
9,"Ugotoviti je treba, da take uradne zahteve ni bilo."
66,"Bili so posamezni obiski, bili so posamezni razgovori, bile so delegacije mednarodnega Rdečega križa, Visokega komisariata za begunce itn., vendar mi uradno nismo zaprosili, čeprav je bilo rečeno, da nekatere sosednje države ponujajo to pomoč, pri čemer se vidi, da Italija to pomoč zdaj že sama neposredno uresničuje preko odvoza ljudi iz Dubrovnika, da na Madžarsko nimamo kaj računati, da je tukaj še potem Avstrija itn."
22,"Predlagali smo, da bi se Skupnost Alpe - Jadran bolj vključila v zagotavljanje te pomoči in pa razbremenitev tudi naše republike glede tega."
23,"Zelo kritični smo bili nad ugotovitvijo glede uresničevanja dogovorov, sprejetih med organi Republike Slovenije in pa Sabora Republike Hrvaške, ki se ne uresničujejo."
6,O tem je gospod Rajh govoril.
7,Jaz ne bi več o tem govoril.
30,"Opozoril pa bi rad na ugotovitev, da ni vzpostavljenih skorajda nikakršnih stikov med organi oblasti Republike Hrvaške, med humanitarnimi organizacijami in med družbenopolitičnimi organizacijami do beguncev, ki so pri nas."
20,"Mislim, da prepuščanje teh ljudi s strani oblasti Hrvaške in njihovih organiziranih subjektivnih sil, če uporabim ta izraz, je nedopustno."
51,"Zavzeli smo se za tekoče poročanje in obveščanje parlamenta in seveda še za to, da bi kar se da hitro sprejeli spremembe in dopolnitve zakona, ki smo ga danes umaknili, kajti iz tega vira bi bilo mogoče zagotoviti dodatna sredstva za razreševanje te problematike, ki jih, kot veste, v proračunu nimamo."
77,"In končno predlagam: glede na to, da so to problematiko obravnavala tri delovna telesa, čeprav ni bistvene razlike med temi tremi delovnimi telesi, pa vendarle predlagam, da se sestanemo predsedniki iz vseh treh delovnih teles, da poenotimo stališča vseh treh delovnih teles in da ponudimo dokončne sklepe v razpravo in odločanje v popoldanskem času, tako, da bi lahko v enotnem besedilu vsi trije zbori Skupščine Republike Slovenije sprejeli sklepe o problematiki vojnih beguncev iz območja Republike Hrvaške."
2,Hvala lepa.
10,Želi besedo poročevalec Komisije za človekove pravice in državljanske svoboščine?
1,Ne.
10,"Potem, želi besedo še kdo od kakšnega drugega delovnega telesa?"
1,Ne.
2,Odpiram razpravo.
37,"Opozoril bi na to, da smo v osnovi razpravo o tej problematiki opravili, da bi se torej po možnosti omejili samo na predlog stališč in sklepov in pa eventualno na današnje poročilo s strani predstavnikov Izvršnega sveta."
5,Gospod Feltrin je prvi prijavljen.
4,"Spoštovano predsedstvo, spoštovani Zbor."
56,"Vprašanje imam za predstavnika Izvršnega sveta; kje so dobili številko 300 tolarjev in 550, pač zaradi tega, ker sem bil s strani škofjeloškega doma ostarelih občanov opozorjen, da oni dobivajo za ostarele občane 268 tolarjev in se jim čudno zdi, da v sosednjem dijaškem domu, kjer živijo begunci, ki delajo vse sami, to stane 300 tolarjev."
17,"Mislim, da bi morali tudi tu varčevati in da bi lahko več beguncev sprejeli in večim pomagali."
19,"Ne zato, da bi zmanjšali karkoli, ampak ker oni so pripravljeni sami delati, pospravljati si sobe in vse ostalo."
21,"V domu ostarelih občanov pa vemo, da imamo zaposlene ljudi, ki to delajo in to me zanima, kako je taka razlika."
2,Hvala lepa.
12,Na eventualna še dodatna vprašanja bi potem na vsa skupaj verjetno odgovorili.
6,Gospod Aurelio Juri je naslednji razpravljalec.
2,Lepo pozdravljeni.
2,"Juri, Koper."
11,"Ostal bi še za trenutek pri poročilu, ki je bilo podano."
13,"Koper kot veste je ena od občin, v katerih se nahaja zbirni center."
27,"Slišali smo, problematika je dokaj zapletena, težka, odgovorni za njeno razreševanje seveda so v nezavidljivem položaju in brez odločne internacionalizacije tega vprašanja se bodo stvari nadalje zapletale."
64,"V občinah, še posebej v tistih, v katerih so tudi zbirni centri za begunce, nastajata glede na obseg in pričakovano daljše obdobje, v katerem bo potrebno tem ljudem nuditi zatočišče in pomoč, najmanj dva sklopa dodatnih finančnih obremenitev, o teh je že bilo govora, ampak bi jih še malo razsvetlil z našega zornega kota, ki jih občine z rednimi proračunskimi sredstvi niso sposobne pokrivati."
18,"Najprej so to stroški za opravljeno delo in material inštitucij, ki so kakorkoli vključene v redno obravnavo beguncev."
14,"Med temi so na prvem mestu stroški zdravil, ki ta trenutek bremenijo predvsem lekarne."
24,"Drugi večji problem so stroški zdravstvenih domov in bolnišnic, takoj za temi so dodatni stroški zbirnih centrov, ki jih v začetku nismo niti predvideli."
9,"To so povečana poraba elektrike, vode, telefona in ogrevanja."
5,Prav zaradi nadaljevanja te situacije.
28,"Povečan je tudi obseg dela centrov za socialno delo, kar se kaže skozi delo v podaljšanem delovnem času, večji je obseg terenskega dela in večji so materialni stroški."
18,"Drug sklop po našem mnenju predstavljajo finančne in psihične obremenitve družin, ki so sprejele begunce na svoj dom."
7,O tem je že tudi bilo govora.
34,"Torej te družine so na začetku prejele enkratno denarno pomoč 1.000 tolarjev, kot smo slišali, po osebi, s čimer pa ne morejo pokriti vsega, od hrane do bistveno povečanih stroškov vode, telefonov in elektrike."
22,"Upoštevajoč, da danes večina slovenskih družin že živi na robu eksistenčnega minimuma, je jasno, da so te družine v še težjem položaju."
12,To že povzroča v teh družinah konfliktne situacije tudi z nevarnimi razmerami.
16,"Torej tudi sam se pridružujem predlogu, da bi enakomerno razporedili to breme po vseh slovenskih občinah."
24,"Predlagam, naj se tudi preveri oportunost priprave posebnega zakona o beguncih, kjer bo dokončno urejen njihov status, pa tudi viri sredstev za njihovo oskrbo."
46,"In še apel: ""mislim, da bi prav zaradi bremena, ki naj bi ga prevzele vse naše občine, močno apelirali na pobratene občine v tujini; vsakdo od nas seveda ima neko prijateljsko ali pobrateno občino v tujini; in iz teh občin seveda skušali pridobiti potrebno humanitarno pomoč."
1,"Hvala."""
5,Gospod dr. Vivod ima besedo.
15,Imam samo pobudo v zvezi z gospodarnim ravnanjem glede zdravstvene zaščite v centrih za begunce.
30,"Namreč pri teh centrih za begunce so občine dolžne, da poskrbijo tako za dežurno službo, kakor tudi za socialno službo, pa tudi za prevoze prizadetih, oziroma obolelih v zdravstveni dom."
59,"Mi vemo, da je v Sloveniji nekaj deset zdravnikov, ki so zapustili bivšo armado in so na čakanju in prejemajo dohodke od naše države, da je tudi nekaj deset medicinskih sester, ki prav tako prejemajo dohodke in so na čakanju; in smo sprožili postopek, da bi vendarle poskušali te zdravnike in medicinske sestre angažirati v teh centrih za begunce."
4,Vendar tu nismo uspeli.
45,"Sedaj pa je seveda treba zato angažirati posebej avto, posebej šoferja, to vse plačujemo in res postavljam vprašanje predstavnikom zakaj ni mogoče te zdravnike in medicinske sestre angažirati v teh centrih, ker jaz mislim, da mi begunce prevažamo v zdravstvene domove in tam delamo dren."
1,Hvala.
1,Hvala.
5,Ali želi še kdo besedo?
12,"Če ne bi prosil gospoda Rajha, če lahko odgovori na postavljeno vprašanje."
13,"Glede na prvo razpravo, oziroma diskusijo okrog teh 300 tolarjev, oziroma 550 tolarjev."
42,"Rad bi opozoril, da je 300 tolarjev ta povprečen znesek, ki ga prejme tisti, ki za begunca skrbi, ne pa sam begunec, da je to strošek, oziroma, da se iz tega pokrivajo stroški prilagojenih dnevnih obrokov hrane, pranja, ogrevanja in tako naprej."
78,"Teh 300 tolarjev je že pred več kot dvemi meseci bilo opredeljeno in vztrajamo pri tem, določeno na podlagi povprečja cen iz različnih občin, ki smo ga zbrali in iz različnih subjektov, ki begunce nameščajo v hotelih, samskih domovih in smo v bistvu, če vam povem, da je bilo to povprečje cenikov, ki so nam jih poslali, od 290 tolarjev pa do 1100 tolarjev dnevno in smo zbrali dejansko ta najnižji znesek, s čimer se te stvari pokrivajo."
25,"Opozoril bi, da še to v bistvu ni čista, tako imenovana čista cena, saj zajemajo tukaj tudi vse obveznosti, ki jih mora ta subjekt plačevati."
66,"Predvsem na to vas opozarjam in res ta preprosta računica 300 krat 30 dni na begunca je 9.000 tolarjev in tako naprej, ne vzdrži po mojem osebnem mnenju, saj lahko mislite drugače, kajti po izračunu vse okrog 35 do 40% od tega zneska plačujejo hoteli, podjetja, ki imajo te samske domove, kjer so begunci nazaj v proračun, da tako rečem, za dajatve, takse in tako naprej."
61,"Glede na izredno močan problem ali na veliko število, to je preko 1250 ostarelih občanov oziroma prizadetih oseb, je bilo dogovorjeno, da se te osebe nameščajo v domovih za ostarele občane ali specializiranih zavodih, ustanovah, da se jim tukaj lahko zagotovi boljše življenje in pa tudi ustreznejša nega, ki jih zahtevajo ali njihova leta, njihovo psihično, fizično stanje in tako naprej."
53,"Na predlog Ministrstva za zdravstvo je bilo potem na Izvršnem svetu opredeljeno, da se, ker cena 300 tolarjev pa v tem primeru ne vzdrži zaradi redne zdravniške nege in tako dalje, da se lahko ta oskrba seveda zagotovi v razponu od 300 do 550 tolarjev, ne pa konkretno in edino samo 550 tolarjev."
59,"In vse to je vezano na mnenje zdravnika, ki se na tistem seznamu ali na tistem računu, ki ga mi prejmemo, podpiše in reče od 50 oskrbovancev jih je 10 potrebnih intenzivnejše nege, to je 550 tolarjev, drugi malo manj, je 400 tolarjev, ostali so pa približno enaki drugim zdravim beguncem in tako naprej in je to 300 tolarjev."
50,"Jaz bi opozoril, da nas o tem, kdo in kje in v katerem domu je kdo upravičen do takega doplačila, da nas obvešča in nas mora obveščati Ministrstvo za zdravstvo in za vse tiste domove, za katere nas je obvestilo, je pravzaprav tudi račun plačan tako, kot predlagajo, oziroma pošiljajo."
55,"Poudaril bi še to, da seveda mi smo vsaj iz naše strani storili vse, vse izvršne svete, občinske, vse delovne skupine v občinah, ki bedijo nad problematiko, reševanjem problematike beguncev, smo obvestili z našimi informacijami, ki jih redno pošiljamo v izvršne svete, kakšne so ravno te pravice do 550 za te in te kategorije oseb."
9,"In sedaj kaj pošiljajo, kakšen je odziv tako plačujemo."
17,"Mi za take konkretne probleme seveda ne vemo, kot so bili tukaj, v tej prvi diskusiji navedeni."
3,Če to zadošča?
46,"Glede na drugo razpravo seveda se globoko strinjam s tem, da nastajajo dodatni stroški v teh centrih, oziroma teh občinah, ki so bolj obremenjene - kot ste tudi na začetku iz mojega poročila slišali - ta obmejna območja in zaradi teh storitev tudi, ki so jasno obsežnejše, potem."
2,Sedaj družine.
8,"Predvsem družine so problem, se strinjam s tem."
187,"Mi smo že dva predloga nazaj, ki jih dajemo Izvršnemu svetu, da bi na nek način torej tudi financirali, sofinancirali zvišali pomoč, pokazali, da je to nujno potrebno storiti v družinah, kajti osnovna značilnost kot pravilno ugotavljate, je ravno ta, da so begunce na začetku sprejele in jih še sprejemajo v glavnem socialno in materialno najšibkejše družine, ker te imajo nekako čut, občutek izgleda drugačen in so tudi jasno po dveh mesecih, ali po treh, ko imajo te begunce, so dejansko izčrpani in tista enkratna pomoč, ki jo je dala Republika Slovenija iz blagovnih rezerv in pa tudi enkratna pomoč, ki jo podeljuje Rdeči križ iz paketov mednarodnega Rdečega križa, ki jih pošilja 1500 do 2000 paketov mesečno v Slovenijo, izgleda ne zadošča in moram odkrito povedati, da smo mi razmišljali, da bi že na začetku vzpostavili tak način, da bi bilo čimveč beguncev ravno pri družinah, pa bi potem rajši država pomagala jih oskrbovati, ker tam je seveda predvsem, bi rekel, da uporabim izraz, življenje teh beguncev prijaznejše, več kontakta in vsega, kot pa v centrih in razbremenili bi te centre, ki jih ima Republika Slovenija."
15,"Pri tem reševanju in pomoči družinam bomo vztrajali še naprej, da dosežemo res konkretne rezultate."
135,"Zadnji zahtevek, torej ta, ki ga danes, jutri dajemo Izvršnemu svetu, zajema med drugim tudi to, kot je gospod poslanec iz Kopra omenil, dodatne stroške za tiste občine, torej pokritje za tiste občine, ki so se doslej izčrpale na posameznih področjih ali pa dejavnosti, ki so se izčrpale, kot so občinske organizacije Rdečega križa, organi za socialno delo in tako naprej, poleg tega smo dosegli, oziroma nam je odobreno, s tem, da še vseh občin, tam kjer so centri ni zahtevkov, da iz republiškega proračuna plačujemo mesečne nagrade ljudem, ki delajo volontersko, oziroma, ki delajo dan in noč, sobote in nedelje v teh ekipah v centrih, tako, da konkretno tudi iz Kopra zahtevka za to še nismo dobili, pa bi želeli nakazati za te ljudi nekaj denarja, da bi bili za svoje delo bolj motivirani."
75,"Kar se tiče tretje razprave glede zdravstvene pomoči in tako naprej in pa tudi aktivnosti v teh centrih, predvsem s strani ljudi, ki so brezposelni, ali ki so kot pravice na plačilnem spisku Ministrstva za obrambo in takih je res kar precej, moram reči, da smo dajali pobudo štabu in medresorski delovni skupini in skušamo zagotoviti reševanje prek Ministrstva za delo in rešitve so že in tudi preko tako imenovanega javnega dela se to izvaja."
72,"Mi iz Ministrstva za obrambo smo pa tudi poslali celoviti spisek vseh treh ustreznih kadrov, Ministrstvu za zdravstvo, družino in socialno varstvo z namenom in predlogom, da izbere ustrezne kadre od zdravnikov, medicinskih sester, psihologov, psihiatrov in tako dalje in nam pošlje zahteve, katere delavce in v katere konkretne občine in centre bi Minister za obrambo s sklepom razporedil na delo te ljudi, ki kot pravite ne delajo, prejemajo pa ustezen denar."
10,"Odziv, moram reči iz Ministrstva za zdravstvo, je sedaj izostal."
34,"Prejeli smo samo iz Ljubljane, konkretno iz Centra,ne pa iz zdravstvenega organa, tak predlog, tak zahtevek in ga postopoma že realiziramo; en zdravnik je že tam, kjer je bil razporejen v teritorialno obrambo."
24,"Ker ne želi nihče več razpravljati, zaključujem razpravo in prehajamo na glasovanje o predlogu stališč in sklepov, ki jih je predložila Komisija za obrambo."
2,Ugotovimo prisotnost.
10,"Kdo je za predlog stališč in sklepov, naj prosim glasuje."
3,Kdo je proti?
4,Kdo se je vzdržal?
11,"Ugotavljam, da je predlog stališč in sklepov z večino glasov sprejet."
19,"Prehajamo na ponovno OBRAVNAVO PREDLOGA ZAKONA O ZADRUGAH, ki smo ga obravnavali že na 24. in 25. seji zbora."
29,"Ker so posamezni zbori sprejeli različne amandmaje k predlogu zakona o zadrugah, so zbori imenovali posebno delovno skupino, ki naj bi pripravila predloge za ponovno obravnavo različno sprejetih amandmajev."
28,Delovna skupina je v času med obema zadnjima sejama zborov na več sejah obravnavala razlike med zbori ter pripravila in predložila zborom svoje poročilo s predlogi posameznim zborom.
7,Poročilo s predlogi posameznim zborom ste prejeli.
12,Za naš zbor so predlogi navedeni na straneh od 15 do 28.
7,Ali želi morda besedo poročevalec delovne skupine?
3,Prosim gospod Metelko.
2,Spoštovani poslanci.
28,"Iz tega poročila je razvidno, da naj bi v našem zboru določene amandmaje, ki smo jih že sprejeli, umaknili, in sprejeli amandmaje, ki so v tem poročilu predloženi."
27,"V 15. členu je predlog skupine samo ta, da se doda beseda ""članov zadruge"", ker je prevladalo stališče, da naj ne bi volili direktorjev v nadzorni odbor."
18,"Delovna skupina predlaga umik amandmajev od 47. do 57., to so ti novi členi, ki opredeljujejo zadružno revizijo."
13,"Te člene, ki opredeljujejo zadružno revizijo, je sprejel naš zbor in Družbenopolitični zbor."
24,"Problem je v tem, da prvotni tekst Zakona o zadrugah, zadružne revizije ni omenjal, ampak je predlagatelj to predvidel z novim zakonom o reviziji."
62,"Delovna skupina je na osnovi dolgotrajne razprave ugotovila, da verjetno v prehodnem obdobju, dokler še nimamo zakona o revizijah, ne bi bilo v redu, da zakon o zadrugah revizije nima, ker vsi, tudi če govorimo, da je ta zakon o zadrugah zakon, ki temelji na klasični obliki zadružništva in pri klasični obliki zadružništva je revizija ena od bistvenih postavk Zakona o zadrugah."
66,"Zato se na osnovi skupnega stališča predlaga, da se umaknejo ti členi oziroma amandmaji, ki jih je naš zbor sprejel, ki jih je predlagala Zadružna zveza in Kmečka zveza in se ponuja v sprejem novi 50. člen, ki ima 50. a, 50. b, c in č in ki je nekako kompromis za prehodno obdobje v katerem se uvaja revizija, ki je v prvotnem tekstu ni bilo."
20,"Zato predlagam, da mi, naš zbor to sprejme, umakne amandmaje, ki smo jih sprejeli in sprejmemo ta novi 50. člen."
61,"V 53. členu, kjer govorimo o podjetjih lesno predelovalne industrije, ki se naj bi lastninila v skladu z Zakonom o zadrugah, usklajevalna skupina predlaga svoj seznam, ki je bil usklajen na delovni skupini, zato predlagamo, da umaknemo najprej amandma, ki je bil prvotno sprejet in predlagamo nov amandma na 53. člen, predvsem v tistem delu, kjer je opredeljena lesno predelovalna industrija."
32,"Stališče usklajevalne skupine je, da je potrebno zadružništvu zagotoviti materialne vire in da je v svetu, kjer zadružništvo temelji na klasičnih principih zadružništva, vsa ta branža v 80% do 100% v zadružništvu."
42,"Drugič: dokazano je, da določene klavne, mesno predelovalne industrije, ki so danes v nekako monopolnem položaju, izredno diktirajo in da tudi, kar je tudi ugotovljeno pri pomanjkanju surovine, diktirajo oziroma določijo prodajne cene mesa, ker so v velikem nesorazmerju z odkupnimi cenami."
24,"Prvotni predlog, da bi določenim mesnopredelovalnim industrijam bile dodeljene samo klavnice, ne pa ostali deli podjetja, to se pravi predvsem prodajalne in vozni park."
42,"Na ta način, če bi bilo tako osvojeno kot je bilo prvotno predlagano, bi nastalo eno protislovje, ker bi se pač istočasno pojavila potreba po nabavi novih prodajaln oziroma tudi po nabavi voznega parka, kar bi vse skupaj stvari lahko samo podvajalo."
14,"Zato predlagamo, da se sprejme tak seznam, ki ga je tukaj sprejela delovna skupina."
37,"In na koncu predlagamo, da umaknemo amandma na 66. člen, v katerem je Izvršni svet takrat predlagal in naš zbor je sprejel ta amandma, da je možno, da se posamezni deli oziroma posamezne dejavnosti izločijo iz zadrug."
35,"Ugotovljeno je bilo, da je recimo to lahko izredno, predvsem če so to temeljne organizacije, konkretno primer mešalnic, to se pravi določeni obrati, ki so bili zgrajeni s skupnim vlaganjem članov zadruge in ostalih delavcev."
22,"Zato je stališče delovne skupine, da sprejetje tega amandmaja ni v redu in predlagamo, da mi ta amandma na 66. člen umaknemo."
3,To je vse.
4,Hvala lepa gospod Metelko.
7,Ali želi kdo razpravljati o predloženem poročilu?
4,"Prosim, gospod dr. Glavič."
5,"Gospod predsednik, gospe in gospodje."
22,"Mislim, da obrazložitev, ki je bila dana o 53. členu, ni korektna, kajti monopol se sedaj pač samo seli v drugo sfero."
50,"Tako, da prav gotovo se tu postavljata dve vprašanji, eno je resnično sedaj, mi nimamo še protimonopolne zakonodaje, vendar ko bo ta prišla, bo treba ta zakon revidirati in drugo je seveda vprašanje ustavne enakosti, ker se tudi stvari drugače obravnavajo do zaposlenih kot se bodo v zakonu o lastninjenju."
28,"Mislim, da bi bilo prav, da se počaka s tem, da vidimo kako bo Zakon o lastninjenju končan, vsaj dogovor je bil, da bomo končno verzijo sprejemali skupaj."
35,"Če ne bo tako, je seveda zelo verjetno, da bo prišlo do ponovne obravnave in s tem bomo zopet imeli stvari neurejene tako, da se mi zdi, da je v tem trenutku to preuranjeno sprejemati."
1,Hvala.
1,Hvala.
3,Želi še kdo?
6,"Če ne, potem prehajamo na glasovanje."
47,"Šli bomo po predlogih delovne skupine in bi vedno glasovali o predlogu, se pravi, če delovna skupina predlaga, da sprejmemo nek amandma, bomo glasovali o sprejemu, pač kdo je za sprejem, kdo je proti, če skupina predlaga umik, bomo glasovali o umiku, torej za in proti umiku."
7,"Poročilo upam, da imate vsi pred seboj."
23,"Jaz bi vas prosil, če je možno, da ne bi bilo potrebno brati vseh amandmajev, zlasti ne tistih delov, ki so nekoliko obsežnejši."
8,Preden preidemo na glasovanje poglejmo prisotnost: 41 prisotnih.
19,"Najprej gremo na amandma, oziroma na predlog v zvezi s 15. členom, naj naš zbor sprejme amandma delovne skupine."
31,"Amandmaja, ki se glasita: ""v 15. členu se na koncu prvega odstavka za besedo članov doda beseda zadruge, k 3. točki drugega odstavka 15. člena pa se črtata besedi ""ali nadzorni""."
10,"Kdo je za ta predlog, to se pravi za sprejem?"
3,Kdo je proti?
1,Vzdržani?
3,Predlog je sprejet.
10,"Naslednji predlog je, naj umaknemo sprejetje amandmaja k 47. členu."
5,Kdo je za ta predlog?
3,Kdo je proti?
1,Vzdržani?
8,"Ugotavljam, da je predlog z večino glasov sprejet."
16,"Naslednji: k 49. členu, da naj zbor umakne amandma, ki ga je sprejel k temu členu."
5,Kdo je za ta predlog?
3,Kdo je proti?
1,Vzdržani?
8,"Ugotavljam, da je predlog z večino glasov sprejet."
21,"Tukaj je še nekaj amandmajev, ki se vsi nanašajo na revizijo, ki se potem z drugimi amandmaji rešuje na drugačen način."
11,"Tak je tudi predlog, da naj umaknemo amandma k 50. členu."
5,Kdo je za ta predlog?
3,Kdo je proti?
1,Vzdržani?
35,"Ker ugotavljam, da se število tu ni spremenilo, ugotovili pa smo sklepčnost in ne bom ponavljal glasovanj, če se število glasov ne bo izšlo, če bo le dovolj glasov za, tako, da ne bo sporno."
12,Torej tudi ta predlog v zvezi s 50. členom je bil sprejet.
25,"Imamo nato predlog k 51. členu, da naj umaknemo amandma, ki je bil pri nas sprejet in ki uvaja vrsto, mislim da sedem novih členov."
11,"Kdo je za ta predlog, se pravi za umik teh amandmajev?"
3,Kdo je proti?
1,Vzdržani?
5,"Ugotavljam, da je predlog sprejet."
41,"Nato imamo predlog delovne skupine, da sprejmemo amandma delovne skupine k 50. členu, ki se glasi: 50. člen se spremeni tako, da se glasi: ""Zadružna revizija se opravlja v skladu s posebnimi predpisi, v kolikor s tem zakonom ni drugače predpisano."
7,Zadružna revizija je obvezna za vse zadruge.
25,"Zadružna revizija se opravi najmanj vsako drugo leto, ne glede na to pa se zadružna revizija opravi ob zamenjavi predsednika zadruge, direktorja in upravnega odbora."
5,Stroške zadružne revizije poravna zadruga.
9,"Če revizijo zahteva kdo drug, poravna stroške revizije sam."""
13,"Kdo je za ta amandma, torej za ta predlog, da sprejmemo ta amandma?"
3,Kdo je proti?
4,Se je kdo vzdržal?
10,"Ugotavljam, da je ta predlog za sprejem tega amandmaja sprejet."
29,"Naslednji je predlog, da sprejmemo amandma delovne skupine k 50. členu, ki se glasi, da se dodajo novi členi 50. a do 50. č, ki podrobneje urejajo zadružno revizijo."
7,Če dovolite teh členov ne bi bral.
12,"Kdo je za ta predlog, se pravi, da sprejmemo te dodatne amandmaje?"
3,Kdo je proti?
1,Vzdržani?
6,"Ugotavljam, da je ta predlog sprejet."
36,"Naslednji predlog delovne skupine je, da sprejmemo amandma k 53. členu, ki se glasi: ""v 2. alinei prvega odstavka se za besedilom ""v 90. dneh"" postavi pika, drugo besedilo se črta."" Amandma je baje redakcijske narave."
11,"Kdo je za ta predlog, to se pravi za sprejem amandmaja?"
3,Kdo je proti?
1,Vzdržani?
3,Predlog je sprejet.
11,"Najprej, imam predlog, da naj umaknemo sprejetje amandmaja k 53. členu."
11,"Kdo je za ta predlog delovne skupine, torej za umik amandmaja?"
3,Kdo je proti?
1,Vzdržani?
5,"Ugotavljam, da je predlog sprejet."
19,"Naslednji predlog je, da naj umaknemo že sprejeti amandma k 53. členu, ki v seznam uvaja tri nove postavke."
8,"Kdo je za predlog, se pravi za umik?...."
16,"Ja, prosim gospod Boris Jež, bo razložil svoj glas in zato to glasovanje za sedaj razveljavljam."
11,"Spoštovane kolegice, spoštovani kolegi, Boris Jež, Ajdovščina, sicer član Kmečke zveze."
23,"Jaz bi se na te tri amandmaje, ki sestavljajo te sezname, po katerih naj se lastnini predelovalna industrija, tu bi se nekoliko ustavil."
33,"Moti me pri delu te komisije, ki je usklajevala te amandmaje in v katerih so bile po prvem predlogu samo klavnice uvrščene v lastninjenje po zadružnem zakonu, potem pa so prišla cela podjetja."
68,"Moti me to, da niso bili upoštevani nikakršni kriteriji, ampak da so enostavno odraz politične volje, gremo z 51 % ne glede na to od kje izvor premoženja, ali so kje kakšne zahteve po denacionalizaciji, se pravi ali izvira iz zadružnega premoženja, kolikšen je delež surovine, ki je bil nabavljen iz tega naslova, čeprav je bilo prvotno to zastavljeno, po mojem mnenju, dokaj pravilno, ko se je upošteval kriterij."
19,"Poslušajte, danes v času, ko se poskušamo privaditi na neke kapitalne odnose, mislim da nihče nikomur nič ne poklanja."
23,"Jaz sem bil tudi dvakrat v igralnici, sicer na črno, ker ne smem biti kot slovenski državljan, pa bi tudi lahko zahteval nekaj."
20,"Jaz sem za to, da damo nazaj, govorim za primer MIP konkretno, mi smo soglašali s tem, da gre klavnica."
71,"V zadnjih petih letih je bila surovina, ki je bila nabavljena iz zadružnega sektorja, oziroma prosto na trgu kupljena, predstavljala komaj 15%, vse ostalo je bil naš vložek kapitala, kjer smo imeli vzrejo živine na družbenih farmah in v zadrugah, kjer smo vlagali v zadruge kapital, da so ljudje tudi tam lahko pitali živino in pa seveda druga polovica surovine pa v obliki raznih kategorij mesa iz juga in tako naprej."
13,"Dejavnosti teh firm so si po svoji lastnosti zelo različne, po svojem statusu."
18,"Nekatere so zgolj neke male klavničke, ki imajo mogoče še potem neko prodajo mesa in tu se konča."
45,"En MIP, Mesna industrija Primorske, Nova Gorica, ima pa tako široko dejavnost, tu je pršutarna, ki letno posuši 160 tisoč pršutov, za katere na žalost nimamo surovine v Sloveniji, ker nimamo primernih prašičev, ampak moramo surovino dobivati od drugje, prej iz Srbije in tako naprej."
12,"Pa še druge stvari, tako da bi jaz prosil tu za razumevanje."
7,Ne bi sedaj na dolgo in široko.
27,"Zavzemam se za to, da bi se opredelil ta delež in pošteno razdelil med zadružnike, ta delež, kolikor pripada; ne pa kar po politični volji 51% vsekati."
7,Kaj bodo pa rekli tam zaposleni ljudje.
45,"Ta firma, pa ne da sem sedaj zopet, mogoče me bo kdo obsodil, da rdeče gledam recimo, ti ljudje so v zadnjih desetih letih to firmo postavili in danes na mene že s prstom kažejo, ""je tam poslanec in nič ne doseže"" in tako naprej."
14,"Tu moramo biti objektivni in vzeti neke kriterije, ker drugače ne bomo prišli nikamor."
2,Hvala lepa.
2,Hvala lepa.....
0,....
6,"Ja, to je bila obrazložitev glasu."
6,Pozabil sem povedati kako bom glasoval.
12,"Glasoval bom tam, kjer so pač posamezni deli podjetja, klavnice oziroma to."
6,Bom glasoval proti temu razširjenemu seznamu.
2,Hvala lepa.
9,"No. torej glasujemo o tem amandmaju, ki opredeljuje seznam."
3,Kdo je torej ... ?
7,Gospod Frelih ali tudi vi obrazlagate glas?
1,Prosim.
4,"Spoštovani predsednik, spoštovani poslanci!"
10,"Obrazložil bi svoj glas, ker bom glasoval za ta amandma."
23,"Obrazložil bi ga pa predvsem zaradi mojega kolega Borisa Ježa, ki je skušal argumentirati napačno usmeritev te usklajevalne skupine z enim osnovnim argumentom."
41,"Če smo se opredelili za en pospešen razvoj kmetijstva skozi zadružno povezavo, vzpostavljanje klasičnega zadružništva, potem je tudi druga usmeritev, da ni zadružnega razvoja brez skupne povezave proizvodnje s predelavo in z usposabljanjem tistih končnih maloprodajnih mest za finalizacijo na trgu."
12,"Mislim, da je to ena strategija, ki jo povzemamo po evropskem modelu."
46,"Mi samo popravljamo en del napake v tem preteklem času in vsi ti argumenti, ali smo zadeli danes čvrsto delež surovine, pretekle investicijske vložke, delež nakupa na drugih področjih Jugoslavije; vse to je danes marginalno, če smo pred seboj opredelili eno nadaljnjo strategijo tega zadružnega kompleksa."
74,"S tega vidika moramo ocenjevati politiko, ki jo zastavlja usklajevalna skupina in ta dilema je že dolgo med nami prisotna in gre tu za eno koncesijo vlade, ki jo namenja temu segmentu, s tem, da nič ne daje ločeno kmetu, njemu osebno v žep, ampak kot nezadružno lastnino šele povezuje zato, da bo jutri lahko učinkovita skupna politika dela kmeta in delavca v tej predelavi, za skupen nastop in za vzpostavljanje boljšega dohodkovnega položaja."
16,"Če to vidimo, potem mislim, da se ne bo težko odločiti pozitivno za ta predlagani amandma."
1,Hvala.
2,Hvala lepa.
2,Gospod Vodopivec.
6,Replik pa ni pri obrazlaganju glasov.
11,"Vsak svoje pove, zakaj misli, da bo glasoval tako, kot bo."
2,Spoštovani kolegi!
4,Glasoval bom proti temu.
1,Zakaj?
7,Na Krasu vsako leto proizvedemo 400.000 pršutov.
16,"Imamo pa en par svinj in tako napeljevanje, toliko pa razumemo, da oslov pa ni tam."
2,Zakaj govorim.
21,"Torej, ta povezava, to lastninjenje dejansko z eno zadrugo, z enimi kmeti, kako se bo to delilo, nima nobene skupne zveze."
30,"Mislim, da je prav, da se to izvzame, podpiram to, kar je rekel gospod Jež in še enkrat opozarjam, da iz teh argumentov za ta razširjeni spisek ne bom glasoval."
2,Hvala lepa.
2,Gospod Žampa.
5,"Spoštovano predsedstvo, poslanke in poslanci!"
8,"Bom glasoval za zakon tak, kakršen je predlagan."
8,Naj mi pa ne zamerite gospoda iz Primorske.
12,"Prvič, gospod Jež, niste si prebrali docela zakona, 49% vam še ostane."
3,PREDSEDNIK IVAN BIZJAK:
13,"Prosim, da bi vsak obrazložil svoj glas, ne pa da bi začel razpravo."
22,"Drugič, glasoval bom zato, ker želim, da na primorskem industrija ostane, ker na primorskem izdelujejo pršut, na Štajerskem bomo pa zredili prašiče."
14,"In to pomeni zadrugo, ker na Štajerskem ne moremo, ker za to nimamo podnebja."
11,"In s tem se vi odpoveste Štajerske, ampak hočete imeti Srbijo."
1,Hvala.
1,Hvala.
3,Gremo na glasovanje.
3,Ugotovimo najprej prisotnost.
6,"Prosim, da vsi registriramo svojo prisotnost."
12,"Kdo je za predlog skupine, da sprejmemo ta amandma z novim spiskom?"
1,Oprostite.
41,"Smo pri predlogu, da se umakne že sprejeti amandma na 53. člen, na strani 21, spodaj, se pravi: ""Seznam iz 53. člena se dopolni še z: v točki klavnice potem tri točke, 21, 22 in 23."" Glasujemo o umiku tega amandmaja."
6,"Smo si na jasnem, kje smo."
17,"To je predlog komisije, da umaknemo že sprejeti amandma, s katerim smo dopolnili seznam s tremi točkami."
5,Kdo je za ta umik?
1,Proti?
1,Vzdržani?
3,Predlog je sprejet.
38,"Še en umik nam predlaga skupina, da umaknemo sprejeti amandma k 53. členu, ki se glasi: ""seznam iz 53. člena Zakona o zadrugah naj se dopolni v primarnimi žagami, ki so povezane s predelavo lesa iz kmečkih gozdov."
6,Glasujemo o tem predlogu za umik.
5,"Kdor je za, naj glasuje?"
3,Kdo je proti?
1,Vzdržanih?
5,"Ugotavljam, da je predlog sprejet."
28,"Sedaj bomo glasovali o amandmaju, o sprejemu amandmaja k 53. členu, ki vsebuje nov kompleten seznam podjetij in dovolite, da ne berem, mislim, da ste to lahko preštudirali."
7,Gospod Boris Jež želi razložiti svoj glas.
30,"Glasoval bom proti temu seznamu, pa moram še enkrat poudariti, da imam rad slovenskega kmeta in vem, da je zadružništvo edina opcija, četudi me je gospod Žampa obsodil za Srbofila."
12,"Glasujemo o tem amandmaju, oziroma predlogu za sprejem amandmaja k 53. členu."
6,"Kdo je za, naj prosim glasuje."
3,Kdo je proti?
4,Se je kdo vzdržal?
11,"Ugotavljam, da je predlog sprejet, se pravi ta amandma je sprejet."
34,"Naslednji predlog je, naj sprejmemo amandma delovne skupine na amandma k 55. členu, ki se glasi: ""besedilo amandmaja k prvemu odstavku 55. se besedilo ""ministrstva pristojnega za kmetijstvo, nadomesti z besedilom "" pristojnega za kmetijstvo""."
13,"Kdor je za ta predlog, se pravi za sprejem takega amandmaja, naj glasuje."
3,Je kdo proti?
4,Se je kdo vzdržal?
4,"Predlagam, da preverimo prisotnost."
20,"Res da imajo nekateri živahne razgovore, ampak prosim, da se zdaj vsi registriramo, da bomo videli, če smo še sklepčni."
19,"Tisti, ki odhajate ni treba pritisniti, ker vas potem ne bo, ampak sedaj, pri tem glasovanju, ste bili prisotni."
17,"Prosim, da to ugotovimo, koliko nas je in če je bilo glasovanje korektno. 45 delegatov je prisotnih."
17,"Glede na to, da je bilo za 30 poslancev, mislim, da je nesporno, da je amandma sprejet."
22,"Glasujemo naprej o predlogu delovne skupine naj zbor sprejme amandma k sprejetemu amandmaju k 56. členu, v besedilu, ki ga imamo tukaj."
5,O sprejemu tega amandmaja glasujemo.
6,"Kdo je za, naj prosim glasuje."
3,Je kdo proti?
4,Se je kdo vzdržal?
6,"Ugotavljam, da je ta predlog sprejet."
57,"Naslednji predlog skupine je, naj zbor sprejme amandma delovne skupine k že sprejetemu amandmaju k 57. členu, ki se glasi: ""drugi odstavek 57. člena se spremeni tako, da se glasi: ""pri odkupu odkupljivih prednostnih delnic lahko pod enakimi pogoji kot delavci, oziroma podjetje, sodelujejo tudi sedanji in bivši člani ter delavci zadružnih upravičencev, zadružni upravičenci in kooperanti."""
8,"Kdo je za ta predlog, naj prosim glasuje."
3,Kdo je proti?
4,Se je kdo vzdržal?
8,"Ugotavljam, da je amandma z večino glasov sprejet."
31,"Imamo naslednji predlog, da sprejmemo amandma k 58. členu, ki se glasi: ""Upravičenec, ki želi uveljaviti pravico iz 56. člena tega zakona, vloži zahtevek v 90-ih dneh na pristojno resorno ministrstvo."""
8,"Kdo je za ta predlog, naj prosim glasuje!"
3,Kdo je proti?
3,Kdo je vzdržan?
5,"Ugotavljam, da je predlog sprejet."
24,"Naslednji predlog, naj zbor umakne prvi del amandmaja k 58. členu, ki se glasi: ""V drugi vrsti drugega odstavka naj se črta beseda zadružni.""."
10,Glasujemo torej o predlogu za umik tega prvega dela amandmaja.
6,"Kdo je za, naj prosim glasuje."
3,Kdo je proti?
4,Se je kdo vzdržal?
5,"Ugotavljam, da je predlog sprejet."
5,Umaknili smo ta prvi del.
40,"Naslednji predlog, da sprejmemo amandma delovne skupine k 63. členu, ki se glasi: ""v prvem odstavku se doda nova prva alinea, ki se glasi: ""nima opravljene revizije najmanj vsako drugo leto, oz. v rokih, ki jih določajo predpisi o revidiranju""."
8,"Kdo je za ta predlog, za sprejem amandmaja?"
3,Kdo je proti?
1,Vzdržani?
5,"Ugotavljam, da je predlog sprejet."
11,"Naslednji predlog, da naj zbor umakne sprejeti amandma k 66. členu."
5,Kdo je za ta predlog?
3,Kdo je proti?
1,Vzdržani?
5,"Ugotavljam, da je predlog sprejet."
16,"Naslednji predlog je, da zbor sprejme amandma delovne skupine k že sprejetemu amandmaju k 69. členu."
27,"Na koncu drugega odstavka amandmaja Izvršnega sveta, se črta ""pika"" in doda besedilo: ""ob upoštevanju povprečnega povečanja dolarskih cen tega premoženja, ki ga določa minister za finance."""
10,"Kdo je za ta predlog, se pravi, za sprejem amandmaja?"
3,Kdo je proti?
1,Vzdržani?
5,"Ugotavljam, da je predlog sprejet."
29,"Naslednji predlog je, da zbor sprejme amandma delovne skupine k 69. členu, ki se glasi, 69. a člen: ""Zadružna revizija se začne izvajati v skladu s predpisi o revidiranju."""
5,Kdo je za ta predlog?
3,Kdo je proti?
4,Se je kdo vzdržal?
5,"Ugotavljam, da je predlog sprejet."
13,Zdaj bomo glasovali še o predlogu zakona v celoti skupaj s sprejetimi spremembami.
3,Poglejmo najprej prisotnost.
5,Pritisnite na tipko! 43 prisotnih.
1,Dobro.
11,Kdo je za sprejem predloga zakona skupaj z vsemi sprejetimi amandmaji?
3,Kdo je proti?
4,Se je kdo vzdržal?
31,"Ugotavljam, da je predlog Zakona o zadrugah sprejet v besedilu, kakor ga je predlagala usklajevalna delovna skupina, se pravi, upoštevali smo vse predloge delovne skupine in zakon kot celoto tudi sprejeli."
11,S tem je ta ponovna obravnava predloga Zakona o zadrugah končana.
18,"Prehajamo na zadnjo od preostalih točk, s prejšnje 27. seje, to je NA POBUDE, PREDLOGE IN VPRAŠANJA DELEGATOV."
14,"Pod to točko dnevnega reda imamo še nekaj zadev, ki niso čisto te vrste."
39,"Zadnjič smo se odločili, da bi pod to točko obravnavali tudi predlog sklepa, ki ga je predložil Odbor za proračun in javne finance, s katerim bi naložili Izvršnemu svetu, da osnutek proračuna za leto 1992 pripravi do 15. novembra."
24,"Tak predlog sklepa je v tem trenutku irelevanten oz. nesmiseln, zato predlagam, ker omenjeni odbor ni predložil novega sklepa, da ne odločamo o tem."
4,Ali kdo temu nasprotuje?
7,"Če ne, potem to štejem za potrjeno."
12,"Preden preidemo na resnično postavljanje predlogov, pobud in vprašanj imamo še sledeče."
11,Na klop ste dobili izjavo Skupščine Republike Slovenije ob dnevu OZN.
25,"Tako izjavo je sprejel Družbenopolitični zbor, s predlogom, da isto izjavo sprejmeta tudi ostala dva zbora in da je to potem izjava Skupščine Republike Slovenije."
30,"Res da je med tem minilo že nekaj časa od dneva OZN, kljub temu predlagam, da naš zbor obravnava in sprejme to izjavo, ki jo obravnavamo na pobudo Družbenopolitičnega zbora."
7,Želi kdo razpravljati s tem v zvezi?
6,Potem dajem to izjavo na glasovanje.
6,Kdo je za sprejem te izjave?
3,Je kdo proti?
4,Se je kdo vzdržal?
5,Ali je kdo pozabil glasovati?
1,Trije.
6,"Dobro, se pravi prisotnost ni sporna."
8,"Ugotavljam, da je izjava sprejeta z večino glasov."
44,"Tretja zadeva, ki bi jo pot to točko, razen tistega bistvenega opravili, je pa ta: Odbor za zdravstvo je sklenil, da bi njegovi predstavniki poročali na sejah zborov o izvajanju sklepov in ukrepov naše skupščine za to področje, ki smo jih sprejeli pred kratkim."
18,To bi opravili pod to točko dnevnega reda in gospod dr. Žunter je poročevalec odbora za naš zbor.
1,Prosim.
2,Hvala lepa.
1,Spoštovani!
42,"Odbor za zdravstvo je glede na to, da v dveh tednih po sejah zborov ni prejel nobenega obvestila o učinkih sprejetih sklepov, 13.11 sklical sejo, na kateri naj bi obravnavali uresničevanje teh sklepov in aktivnosti Ministrstva za zdravstvo v zvezi s tem."
5,Na sestanku je bilo ugotovljeno:
26,"1. da je stanje na področju zdravstva še vedno kritično, saj je oktobrska 21% inflacija že izničila dodatna sredstva, ki jih je zdravstvo dobilo z renominacijo."
24,"Problemi so se še bolj zaostrili in do konca leta lahko pričakujemo, da bodo še hujši, kot so bili v času stavke zdravstvenih delavcev;"
12,2. največji problem je trenutno plačevanje zdravil tujim dobaviteljem zaradi pomanjkanja deviz.
11,Prav tako pri deviznih kvotah nabava zdravil ni opredeljena kot prioriteta.
63,"Odprto je tudi vprašanje, kdo bo pokrival razliko med vplačanimi tolarskimi sredstvi za nabavo materiala iz uvoza, ker vemo, da recimo neka zdravstvena ustanova plača zdravila ali material v tolarjih, recimo na začetku meseca, banka zaradi pomanjkanja deviz tega plačila ne realizira, med tem pa se vrednost deviz zviša in nastane razlika, ki je zdaj nihče ne pokriva oz. ki bremeni zdravstvene organizacije;"
10,"3. velik problem je v tem, da nimamo več cepiva."
35,"Moram pojasniti, da denar za cepivo sicer je zagotovljen, vendar pa ga iz znanih razlogov iz Zagreba, od koder smo ga doslej dobivali, ne moremo dobiti, iz uvoza pa zaradi pomanjkanja deviz ravno tako ne."
49,"Ne vem, če se vsi v tej skupščini zavedate, kaj pomeni, da ne cepimo več niti dojenčkov proti tuberkulozi, da nimamo cepiva proti poliomiolitisu, da nam bo padla precepljenost otrok in kaj pomeni za Slovence, če dopustimo možnosti izbruha katere koli epidemije, bolezni, ki smo jih doslej absolutno obvladovali;"
29,"4. opozorjeno je bilo tudi na probleme zdravstvenih organizacij, ki zagotavljajo storitve beguncem iz Hrvaške in vojaškim zavarovancem, za katere ravno tako zdravstvene organizacije ne dobivajo plačila za usluge;"
130,"5. Odboru za zdravstvo je Ministrstvo za zdravstvo poslalo tudi prikaz neporavnanih obveznosti zdravstvenih zavodov in pa primerjavo zaposlenih v zdravstvu, iz katerega je razvidno, da je v zdravstvu zaposlenih preveč ljudi in to predvsem v administrativnem delu, da samih zdravstvenih delavcev - to se nekako pokriva z normativi - veliko preveč pa je administrativnih delavcev v zdravstvu, zato Odbor predlaga Ministrstvu za zdravstvo, da do maksimalne možnosti zmanjša administriranje v zdravstvu s poenostavljanjem obrazcev, ker le na ta način bomo zmanjšali tudi število administrativnih delavcev; 6. med tem je bila podpisana kolektivna pogodba za zdravstvo, ki je, moram opozoriti, izterljiva, predvideva višje plače, ki pa jih ne bo mogoče izplačevati, ker prvič ni denarja in drugič, bi pa to še povečalo izgube v zdravstvu; 7. glasovanje o odstopu dr. Koširja, včeraj."
37,"Dr. Košir je, kot vemo, ponudil odstop zaradi razmer, v katerih se je znašel in ocenjujemo, da ta odstop pomeni častno dejanje, saj je s tem rešil svojo osebno čast, pa tudi čast stroke in zdravniškega stanu."
5,Hvala lepa za to poročilo.
7,"Zdaj prehajamo na postavljanje vprašanj, dajanje pobud."
6,Gospod Metelko se je prvi prijavil.
7,V zvezi z odpovedjo štipendiranja kmečkih otrok.
15,"Delegatsko vprašanje Ministrstvu za delo, ki ga je podpisalo tudi 20 poslancev, je v sledečem:"
24,"""V mesecu septembru je Ministrstvo za delo izračunalo, da vsi kmečki otroci ne morejo pridobivati štipendije iz združenih sredstev, zato ker imajo prevelik dohodek."
25,"Ta dohodek so izračunali na popolnoma napačnih podatkih in to zaradi tega, ker so faktor, oz. katastrski dohodek iz leta 1990 revalorizirali s faktorjem 215."
22,"Istočasno vemo, da je za leto 1991 ta faktor davčna uprava revalorizirala s faktorjem 23,3 za gozdove in 13,4 za kmetijske površine."
32,"Iz tako izračunanega faktorja znaša na povprečni kmetiji, ki je imela v letu 1990 katastrski dohodek 1.823 DEM, da je dohodek v letu 1991, 393.000 tolarjev ali na družino 8.206 tolarjev mesečno."
17,"Smatram, da je tak izračun popolnoma izprijen in se sprašujem ali ni mogoče tukaj zatajil celo računalnik."
1,Drugo.
14,Dajem pa naslednjo pobudo Ministrstvu za kmetijstvo: v zvezi s problematiko pridelovanja semenskega krompirja.
35,"V letu 1988 je naše območje zajela epidemija novega virusa ""Y novi"", ki je povzročil, da se je pridelovanje semenskega krompirja v republiki zmanjšalo v primeru iz let 60 - 80 za 50 in več procentov."
42,"Ker je ta virus nov in je izredno kužen in bi ga lahko imenovali skoraj epidemija, bo povzročil to, če ne bomo pravočasno ukrepali, da več ne bo možno doma pridelovati semenski krompir, oziroma potem ne bo semena tudi za merkantilni krompir."
12,"Da bi to ublažili, predlagam Ministrstvu za kmetijstvo in dajem naslednje pobude:"
18,"1. Sprejmejo naj se zakonski predpisi, ki bodo omogočali oblikovanje in zaščito zaprtih območij za pridelovanje semenskega krompirja."
21,"2. Regresiranje nakupa elitnega semena za pridelovanje semenskega krompirja v letu 1992; vemo, da gre na hektar celo 2.700 kg semena."
13,3. Oprostitev carin in carinskih dajatev za uvoz teh tisoč ton elitnega semena.
13,"To je edini način, da bomo lahko v letu 1992 prebrodili to krizo."
8,In te pobude so tudi že pismeno dostavljene.
2,Hvala lepa.
4,Dajem besedo predsedniku Bizjaku.
4,Spoštovane kolegice in kolegi.
19,"Pred kar precej kratkim časom smo v tej skupščini sprejeli stanovanjski zakon, ki se zdaj, kot vidimo, pospešeno izvaja."
7,"Tako pospešeno, kot res ni nihče pričakoval."
23,"Ob tem izvajanju tako hvaljenega zakona, vsi so trdili, da je ""super"", se pa že kaže, da vendarle iznajdljivost pač prekaša kvaliteto zakonodajalcev."
30,"Prihaja do množičnega pojava, ki smo mu priča, zlasti v dnevnem časopisju v rubriki ""Mali oglasi"", ko nekateri, po mojem mnenju, povsem neupravičeno želijo kupovati nekdanja družbena stanovanja s popustom."
14,"Namreč, tisti, ki niso niti dosedanji nosilci stanovanjske pravice, niti njihovi ožji družinski člani."
29,"Mislim, da je bil namen zakonodajalca, se pravi te skupščine tukaj povsem jasen, da imajo možnost odkupa s popustom tisti, ki stanujejo v stanovanjih in njihovi ožji družinski člani."
15,"Mislim, da se ni nikoli mislilo na to, da bi enak popust lahko dosegal kdorkoli."
73,"Če se bo to razpaslo in kot kaže, nekateri mislijo, da bi se to lahko, mislim, da so tukaj ogroženi po eni strani nekdanji nosilci stanovanjske pravice, ker lahko pride tudi za njih do zelo neugodnih okoliščin, namreč, da bi tisti, ki bi v njihovem imenu, kot se pravi v oglasih, kupil stanovanje, da bi jih začel šikanirati, ker uradno izseliti jih ne more, ampak vemo, kaj lahko lastnik vse počne z najemnikom."
27,"Po drugi strani pa bi lahko s tem prihajalo do povsem neupravičenega zmanjševanja vrednosti stanovanjskega sklada oziroma odškodovanja stanovanjskega sklada, ker bi nekateri bili neupravičeno deležni popusta."
39,"Zato dajem Izvršnemu svetu naslednjo pobudo: Izvršni svet naj čimprej predloži spremembo zakona o davku na promet nepremičnin, s katero naj se določi posebna, vsekakor bistveno višja stopnja za prvi promet stanovanj, kupljenih s popustom na osnovi stanovanjskega zakona."
18,"Zakon naj tudi določi, katera vrednost stanovanja v takem primeru predstavlja davčno osnovo za ta davek na promet."
23,"Ali je to cena z vračunanim popustom, ali je to tista dejanska ocenjena vrednost stanovanja, ali je to dogovor na ceno iz pogodbe?"
14,"Predlagam tudi, da se sredstva, zbrana na osnovi povečanja davčne stopnje namenijo stanovanjskemu skladu."
11,"Mnenja sem, da bi davčna stopnja nekako morala odražati ta popust."
3,To je eno.
38,"Mnenja sem tudi, da bi cena, oziroma cena, na katero se davek odmerja, to je lahko tudi druga možnost, ki bi se jo zakonodajalec oprijel, morala vsekakor predstavljati tisto ceno stanovanja, ne pa s popustom, z znižano ceno."
2,Hvala lepa.
2,Hvala lepa.
2,Gospod Dragovan.
4,Spoštovani kolegi in kolegice!
3,Delegatsko vprašanje vladi.
26,"Na osnovi natečaja za uspešen razvoj demografsko ogroženih območij Slovenije, je v juliju 1991 prispelo cca 7.000 zahtevkov za sofinanciranje oziroma kreditiranje investicijskih in infrastrukturnih objektov."
27,"Poteza vlade ob rebalansu proračuna je že jasno pokazala, da je v bistvu vse vlagatelje programov potegnila za nos, kajti denar je bil uporabljen za druge namene."
16,"Vlagatelji programov so naivno verjeli vladnim obljubam, da bo omenjeni natečaj speljan kot je resnično potrebno."
28,"Ob dejstvu, da znaša vsota za razdelitev za individualne investicijske programe samo 300 milijonov tolarjev in ob vsaj 5.000 vloženih individualnih programih, mi je vsa zadeva postala nejasna."
9,"Namreč, vsak program je vlagatelja stal vsaj 2.000 DEM."
29,"V te stroške spada tudi bančno mnenje in pa izdelava programa in to pomnožimo s 5.000 programi, dobimo znesek 10 milijonov mark, kar danes znaša 420 milijonov slovenskih tolarjev."
26,"Zato prosim vlado, da mi odgovori, kako bo s svojim predvidenim zneskom pospeševala demografsko ogrožena območja, če niti ne pokrivajo osnovnih stroškov za izdelavo investicijskih programov."
31,"2. Zahtevam, da vlada v medijih javno objavi, da je pri že omenjenem razpisu zgolj obljubljala in s tem reši nerodnega položaja občine, ki so se angažirale pri afirmiranju vladnega projekta."
16,3. Katere kriterije je upoštevala pri izbiri investicijskih programov in kakšna bo usoda neizbranih investicijskih programov?
10,4. Zakaj se je tako dolgo časa zavleklo pri izbiri?
4,Ali morda zaradi inflacije?
8,5. Prosim za odgovor še v mesecu novembru.
1,Hvala.
2,Hvala lepa.
4,Gospod Štefančič je naslednji.
4,Spoštovani poslanci in poslanka!
41,"Želel bi pravzaprav postaviti zahtevo, da naj bi naša izvršna oblast na vsak način našla možnost, da bi zavarovala najemnike stanovanjskih posojil pred resnično oderuškimi obrestmi, ki jim grozijo, da bodo najemniki stanovanjskih posojil socialno in zlasti pa materialno povsem obubožali."
7,Gre za dovolj množičen pojav na slovenskem.
7,Jaz bom samo ilustrativno en primer navedel.
83,"Gre za samohranilko z otrokom, ki je najela za dograditev, ne za graditev hiše, ampak za dograditev, zadnje faze, za vselitev, v lanskem letu 100.000 dinarjev in seveda z vsemi znanimi inštrumenti ob povečevanju anuitet se je zgodilo, da ji je v tem primeru prišlo v mesecu oktobru do tega, da je ta najemnica dobila 8.500 tolarjev plače, to je kompletno, kar je dobila v tem mesecu, njena mesečna anuiteta za ta kredit, o katerem sem govoril, je pa že presegla 4.000 tolarjev."
29,"V tej obupni situaciji se je tudi obrnila na banko s prošnjo, kako bi ji na nek način lahko pomagali, naj bi ji odložili, kajti sicer ji grozi uboštvo."
19,"Odgovor je bil zelo aroganten: češ, če ne morete drugače, pa prodajte hišo in na tak način poplačajte kredit."
19,"Torej, tako v osnutku nove ustave sem videl, da je napisano, da bi bili radi pravna in socialna država."
13,S takimi arogantnimi odnosi bomo težko pisali na našo zastavo pravičnost in socialnost.
9,"Preden dam besedo naslednjemu, samo eno obvestilo poslancem Demosa."
13,Klub Demosa naj bi se sestal ob 13. uri v dvorani na Tomšičevi.
5,Naslednji ima besedo gospod Schwarzbartl.
21,"Malo so zredčene te naše vrste kadar imamo ta vprašanja, ampak vendarle, jaz sem vprašanja že postavil in pričakujem tudi odgovor."
31,"Ker pa sem danes zjutraj imel sestanek s stavkovnim odborom osnovnošolcev v svoji občini, mislim, da je prav, da to poslansko vprašanje, ki sem ga postavil, tudi tu nekaj vrst preberem."
7,Gre za naslednje: mi smo poslanci občine.
8,Mi smo torej najbolj udeleženi v problematiki občine.
16,"Veliko med nami je tudi županov, zato vem, da se na občinah borimo po treh frontah."
15,"Ena je zniževanje stroškov administracije, eden malo bolj, drugi malo manj učinkovito, to neprestano delamo."
21,"Drugo je, da skušamo spremeniti miselnosti in uvajati neke vrednote v služenju, skrbi in zaščiti občanov in tretjič, da obvladujemo proračun."
14,"En župan manj, drugi več, Izvršni svet nekje bolj nekje manj uspešno to dela."
32,"Kako naj človek obvladuje ta proračun, če pa na občino neprestano prenašajo nove in nove zadolžitve in obveznosti, hkrati pa ne zagotavljajo virov sredstev, zato, da bi lahko te obveznosti tudi poravnali."
8,Bom povedal zdaj ta primer mojega poslanskega vprašanja.
36,"Konkretno se ravno nanaša na osnovne šole, s katerimi so mi zagrozili danes, da v kolikor ne bom jaz dobil odgovora in rešitve za njih, da bodo najprej opozorilno stavkali, potem pa tudi v resnici stavkali."
8,To gre za osnovne šole v občini Domžale.
28,"Vprašanje pa je naslednje: zakaj mora občina zagotoviti izplačilo osebnih dohodkov učiteljem osnovnih šol v višini, kot to določa kolektivna pogodba, čeprav z njimi sama pogodbe ni podpisala?"
13,Ali bo razliko do proračuna občine predvidenih sredstev do povečanih zahtev povrnila republika?
44,"Drugo vprašanje, ki se na to navezuje, pa je: na osnovi katere pravice razpisujejo občine obveznice in s čigavim soglasjem, če pa je javna tajna, da funkcionarji občinskih uprav že sedaj vedo in to tudi razglašajo, da svojih obveznosti ne bodo mogli sami poravnati?"
13,Verjetno računa kdo na ukinitev občin in na prenos teh obveznosti na republiko.
30,"Ali bodo občine, ki tega ne počno, pa bi lahko, takšna je tudi domžalska, mislim, da bi lahko razpisali obveznice, pa tega ne delamo, deležne kakšnih drugih ugodnosti, ne vem."
9,Kdo bo za takšno neodgovorno zadolževanje čez leto odgovarjal.
12,"Verjetno se bodo samo norca delali iz tistih, ki tega nismo naredili."
32,"V kolektivni pogodbi, to je obrazložitev v tem, je občina dolžna izplačati občinam osebne dohodke v določeni višini, ne glede na to, ali ima v proračunu za izplačilo zagotovljena sredstva ali ne."
23,"Šolniki grozijo z opozorilnimi in pravimi prekinitvami pouka, če se njihovim zahtevam ne ugodi in občinski organi morajo zagotoviti sredstva z rebalansom proračuna."
4,Kaj se zdaj dogaja?
59,"V kolikor jim sredstva ne zagotovimo, potem se moramo ali zadolžiti ali na kakšen drug način priti do tega denarja, vsekakor pa postrgamo vse druge obljube in jih tako rekoč preklicujemo, ki smo jih prej dali, ko smo prvi proračun sprejemali in so nekateri pričakovali, da bodo lahko nekaj zgradili ali nekaj dobili, opravili, pa tega zdaj ne morejo."
12,"Sredi dela se ustavljajo, dela se gospodarska škoda, povzročajo se socialni nemiri."
38,"Zaradi tega menim, da takšno početje ni odgovorno in mislim celo, da je nemoralno, tako za občino kot za podpisnike pogodbe, ki z nekim podpisom pogodbe prevzemajo obveznosti za račun drugega in se zadolžujejo tudi na dolgi rok."
39,"Dodaten problem pa še povzroča dejstvo, da še višja izplačila zahtevajo ob koncu proračunskega leta, ko praktično ni več možno zagotoviti sredstev niti z rebalansom, pa tudi nimaš več kje postrgati, ker si vse razdelil in vse že poplačal."
15,"Pod takšnimi pogoji, se razume, da smotrne in razumne proračunske politike občine voditi ne morejo."
40,"Pa še več, tiste, kolikor toliko dobre občine bodo na ta način postale finančno nesposobne, dolgoročno bodo zabredle v neke težave in tako bomo imeli v bistvu še med dobrimi občinami, med katere se tudi sam prištevam, vedno več siromakov."
14,"Kdo bo to poravnaval, ali to iz javnega dolga ali ne, meni ni jasno."
14,"Zato pa sprašujem ustrezne organe Izvršnega sveta, da mi na poslanska vprašanja dajo odgovor."
2,Hvala lepa.
2,Hvala lepa.
6,Gospod Aurelio Juri ima naslednji besedo.
2,Spoštovani kolegi.
4,Imam dva sklopa vprašanj.
12,"Prvi se veže na vprašanje pokojnin, drugi pa na vprašanje varovanja meje."
14,"Prebrali smo te dni, da je Skupnost pokojninskega in invalidskega zavarovanja v obsedenem stanju."
31,"Množica upokojencev oblega v zadnjem tednu okenca vložišč in strokovnih služb z različnimi vprašanji, vlogami in zahtevki, odkup stanovanja, uveljavljanje vojaške pokojnine in najnovejša zahteva, izplačevanje pokojnin, uveljavljenih v drugih republikah."
21,"Pred enim tednom se je name obrnila Koprčanka, že na robu obupa, s prošnjo, da bi ji pomagal rešiti njen položaj."
16,"Družinska upokojenka je, ima 70 let, katere pokojni mož si je ustvaril civilno pokojnino v Beogradu."
20,"Živi že 25 let v Kopru in je rojena Slovenka kot je poudarila v pismu, ki mi ga je poslala."
9,Zadnjo pokojnino iz Srbije je prejela za mesec avgust.
5,Od takrat niti dinarja več.
24,"Obrnila se je SPIZ v Kopru in v Ljubljani, pisala je ministrici za delo in socialno politiko Jožici Puhar, odgovora pa ni od nikjer."
4,"Sprašuje, kako naj živi."
12,"Od zadnje pokojnine je minilo že 4 mesece, brez edinega vira dohodka."
3,Drugega namreč nima.
31,"Prebral sem, da bodo tudi te pokojnine rešene in da je Slovenija prevzela izplačevanje akontacij vojaških pokojnin od 1. novembra, domnevam da je enako za civilne pokojnine, o katerih je govora."
11,"Obveznosti za nazaj pa so v pristojnosti zveznih ustanov, poudarja SPIZ."
11,S tako ugotovitvijo si upravičenci teh pokojnin bore malo lahko pomagajo.
15,"Sprašujem, kaj bo naša Republika storila, da bodo ti ljudje vendarle prišli do svojega denarja?"
12,Občani me opozarjajo še na druge težave za upokojence in vojaške zavarovance.
10,"Za slednje pravijo, da je neurejeno vprašanje plačila zdravstvenih storitev."
10,Prizadeti morajo namreč plačati vsako zdravstveno storitev iz lastnih sredstev.
9,Pa ne vedo kako bo to urejeno v prihodnje.
3,Še zadnje opozorilo.
11,Težave so tudi s pravočasno pridobitvijo državljanstva za potrebe odkupa stanovanj.
37,"V kolikor to vprašanje ne bo rešeno v najkrajšem času in na ustrezen način, bodo prizadeti - ogromno je upokojencev, ki stanujejo v družbenih, vojaških stanovanjih - utrpeli škodo, ker se vrednost točke za odkup, kot vemo, mesečno valorizira."
23,"S čimer prihaja do diskriminacij med tistimi, ki imajo državljanstvo že urejeno in tistimi, ki ne dolžni ne krivi, so morali zanj zaprositi."
3,To je prvo.
11,"Drugo, to vprašanje je bilo že včeraj postavljeno v Družbenopolitičnem zboru."
23,"Jaz ga bom nekako drugače oblikoval, vsaj občani, ljudje, ki živijo ob meji, so me osebno opozorili na prisotnost teritorialcev na tem območju."
12,"Z vprašanjem, ali ni po zadnjem zakonu varovanje meje v pristojnosti policije."
14,To sem jim seveda pritrdil in se pozanimal kaj enote TO počno ob meji.
26,"Uradno sem izvedel naslednje, da je Ministrstvo za notranje zadeve dne 27.7.1991 naložilo upravi v Kopru, da začne s postopkom prevzemanja mejnih stražnic od jugoslovanske armade."
10,To je bilo tudi opravljeno in objekti so bili zapečateni.
30,"Mimo vednosti koprske uprave za notranje zadeve, so enote območnega štaba TO iz Izole naknadno vdrle v tri stražnice, kamor so namestile in skladiščile opremo in oborožitev ter postavile straže."
12,"Kljub intervenciji organov za notranje zadeve, omenjene enote niso zapustile zasedenih lokacij."
11,Obenem so prevzele še preostale štiri stražarnice na območju občine Koper.
35,"Poleg zasedbe teh objektov je bilo na dan 24.10.1991 tudi inšpekcijsko ugotovljeno, da so teritorialci opravljali varovanje meje in sicer na sami črti, kot tudi globinsko, kar je bilo seveda v nasprotju s samim zakonom."
29,"No, to stanje se je vendarle uredilo z ukazom pokrajinskega štaba TO iz Postojne z dne 18. 10. 1991, ki je preklical vse dotedanje ukaze v zvezi z varovanjem."
11,"Iz vsega tega sledi, da situacija ob meji ni najbolje urejena."
26,"Da v tem tiči nevarnost neljubih kompetenčnih konfliktov in tudi morda incidentov, da enote TO zasedejo mejne straže nezakonito, ker jim tam po zakonu ni mesto."
65,"Morebitno tolmačenje, da so po Ustavnem zakonu za izvedbo temeljne ustavne listine o samostojnosti in neodvisnosti Republike Slovenije z dne 25. 06. 1991 vendarle pristojne za prevzem in upravljanje stražnic - 9. člen omenjenega zakona namreč določa, da Ministrstvo za obrambo prevzema po enotah TO, da v skladu z zakonom in dogovorom in odločitvami Predsedstva Republike Slovenije upravljanje nad enotami, poveljstvi in zavodi JA - ne drži."
26,"Saj so bile mejne stražnice, objekti izključno namenjeni nadzoru državne meje in kot taki prišli sedaj v pristojnost organov za notranje zadeve kot kompetenčnih državnih organov."
37,"Naj obenem opozorim, da pravno nasledstvo Slovenije od Jugoslavije predvideva tudi prevzem obveznosti, ki izhajajo iz londonskega memoranduma, po katerem na območju obmejnih občin bivše Cone B, če me spomin ne vara, ne sme biti vojaških objektov."
6,Razen seveda za potrebe varovanja meje.
20,"Odpade naj torej vsaka misel o učnih centrih, štabih ali česarkoli, kar bi dišalo po vojaškem objektu na tem območju."
10,"Torej sprašujem, da mi ustrezni organi to konfliktno situacijo razčistijo."
1,Hvala.
2,Hvala lepa.
2,Gospod Feltrin.
37,"Glede na poročilo gospoda dr. Žunterja me je spreletel srh in dajem pobudo, da Odbor za zdravstvo in naša skupščina pošljeta apel mednarodnemu Rdečemu križu, glede na to, da nam kot sem slišal, manjka cepiva za otroke."
21,"Mislim, da ne gre za posameznike, ampak gre za obolelost naroda, ki bo lahko posledice za to nosil v kasnejših letih."
19,"Mislim, da če bo obrazložitev pravilna in točno tako opredeljena, da mednarodni Rdeči križ ne bo držal križem rok."
35,"Drugo pa, da Izvršni svet sprejme neki odlok ali predloži zakon o uničenju pogodb, o nakupovanju stanovanj tistih lastnikov, ki so si pridobili pravico z mastnimi devizami svojo stanovanjsko pravico po sprejemu našega stanovanjskega zakona."
4,Naj se to vrne.
15,"Razlagal ne bom, ker se ta razlaga lahko dobi na vsakem vogalu naše slovenske države."
36,"Podpiram pa oz. prosim Izvršni svet, da istega predlagatelja zakona, da se tam uredi, da bodo do teh stanovanj prišli res tisti ljudje, ki so jih potrebni, socialno ogroženi in ne da bi prišlo do prekupčevanja."
15,"Obenem pa naj Izvršni svet tudi ugotovi krivdo za anomalije, ki prihajajo pri razlaganju zakona."
21,"V občini imam zelo velike težave, ker me sprašujejo, kako in kaj, ker vsak predstavnik Izvršnega sveta to razlaga po svoje."
13,"Danes ima pravico vsakdo, jutri je nima, danes je točka taka, jutri drugačna."
17,"Naj se enkrat dokončno to opredeli ali pa naj se ustavi, če zakon ni imel spremljevalnih konceptov."
1,Hvala.
2,Hvala lepa.
2,Borut Razdevšek.
6,"Spoštovano predsedstvo, spoštovane kolegice in kolegi."
14,"Želel bi predvsem dati eno pojasnilo gospodu Štefančiču, glede vprašanja, ki ga je postavil."
15,"Naš Odbor za varstvo potrošnikov, ki se ukvarja s tem vprašanjem že skoraj leto dni."
22,"Moram povedati, da je tukaj problem v tem, da gre izključno za SKB, Stanovanjsko komunalno banko, da se ta banka obnaša dvolično."
42,"Obnaša se po eni strani kot delniška družba, kadar ji to tako ustreza, se pravi, da se zavzema za interese delničarjev, po drugi strani pa se obnaša kot komunalna banka, ki je v rokah države, če ji v tistem trenutku to koristi."
46,"Tako, da mi se tega problema zavedamo oz. delamo tudi na tem, ker so prišle tožbe že lansko leto v skupščino, oz. pritožbe teh ljudi in do sedaj nam je uspelo, da smo uredili z Zvezo potrošnikov Slovenije, da je vložila tožbo v imenu 450 kreditojemalcev."
21,"Ta tožba bo dobila prioriteto na sodišču, tako da je to zaenkrat edina varianta kako je možno ta problem rešiti dolgoročno."
21,"Dokaj uspešno smo ga rešili z rešitvijo v stanovanjskem zakonu, v oblikovanju stanovanjskega sklada, ker gre 20% kupnine v ta sklad."
14,"Ker je edina realna možnost kako ta monopol razbiti, je da mu ustvariš konkurenco."
22,"Če bomo uspeli s tem skladom ali pa s postavitvijo kakšne druge hranilnice postaviti neko konkurenco tej banki, potem smo naredili veliko."
7,Za nazaj je pa edina varianta tožba.
10,"Rad bi, da se še kakšen drug mehanizem tukaj vklopi."
20,"Tudi s kreditno monetarnim odborom pripravljamo naslednji teden okroglo mizo, kamor ste vsi povabljeni, natančen datum pa bo še objavljen."
11,Govorili bi o problemu revalorizacije in tudi o problemu deviznih varčevalcev.
2,Hvala lepa.
2,Hvala lepa.
3,Gospa Vojka Štular.
21,"Res nas je ostalo nekaj malo, vendar se mi zdi, da je prav, da tudi v tako razredčenem sestavu nekaj povem."
16,"Tudi sama v zadnjem času, ko se odkupujejo stanovanja in se nanašajo pred kratkim sprejeti zakon."
47,"Ne bi rada govorila o teh anomalijah, na katere je opozoril gospod Bizjak pa tudi drugi, ki so resnično v nebo vpijoče, ampak želela bi govoriti v imenu tistih resničnih imetnikov stanovanjske pravice in njihovih ožjih družinskih članih, ki živijo v stanovanjih, ki so pod spomeniškim varstvom."
63,"Morda se boste spomnili, da sem s te govornice opozarjala na ta problem, ki obstoja zlasti v starih mestih ne samo na obali ampak tudi širom po Sloveniji, in sem takrat dobila odgovor ministrstva takle, če se še dobro spominjam: da zakon, torej prepoveduje, torej onemogoča odprodajo stanovanj, torej samo tistih stanovanj, ki so predvidena za prenovo ali rušenje, ali pa spremembo namembnosti."
13,"In da v tem v ta sklop ne sodijo spomeniška, torej varovana stanovanja."
10,"Govorim zato, ker imamo v občini Piran precej takih stanovanj."
33,"Torej res je, da sem danes v Delu prebrala razlago ministrstva, ki pravi, da mora v tem primeru lastni ponuditi drugo ustrezno enakovredno stanovanje, vemo pa, da teh stanovanj pravzaprav v občini ni."
7,Nadaljevala bi še z konkretizacijo mojega vprašanja.
33,"Kaj se zgodi, če enakovrednega stanovanja kupec ne bo dobil, ali lahko na ta način s tem ugotavljamo, oz. sklepamo, da je stanovanje ki je pod spomeniškim varstvom, torej prisiljen oz. mora odprodati?"
20,"S tem se namreč povezuje ponovno sklepanje pogodb, ponovno določanje vrednosti točke in tu se nam znajo stvari hudo zaplesti."
74,"To bom rekla, prvi del mojega vprašanja, oz. moje razprave, drugi del pa se nanaša na pobudo ministrstva, ki bi morda, ker vemo da prihaja do različnih interpretacij, lahko pravzaprav to salamonsko rešil s tem, da prodajalec takih stanovanj točno določi kaj se v stanovanju lahko popravi, oz. kaj, katere so tiste stvari, ki so zaradi kulturne dediščine, ker je prav da jo ščitimo, ne sme pod nobenim pogojem spreminjati, oz. mora dobiti soglasje."
21,"Jaz bi želela odgovor na to vprašanje, ki je izredno pereče, zlasti na obalnem področju, torej odgovor v teku današnjega zasedanja."
2,Hvala lepa.
2,Hvala lepa.
14,"Gospod Franko je pisno oddal, gospod Žampa tudi, gospod Štrumbelj je zdaj na vrsti."
9,"Dober dan vsem skupaj, čeprav vas je toliko malo."
4,Jaz imam tri stvari.
9,In sicer bi naslovil moje vprašanje Ministrstvu za kulturo.
23,"Jaz sem v tem mandatnem obdobju, to se pravi eno leto in pol naslovil na ministrstvo za kulturo dvoje delegatskih vprašanj oz. pobud."
7,Niti na eno mi ni bilo odgovorjeno.
18,"Prvo vprašanje se mi zdi, da je bilo več kot leto nazaj, drugo pa pred približno tremi meseci."
41,"To drugo vprašanje se je tikalo problematike Narodne galerije in jaz z svojim laičnim znanjem oz. z vprašanji, ki sem jih dal, menim, da bi bilo potrebno na ta vprašanja odgovoriti, oz. cirka eno uro dela, da bi mi lahko odgovorili."
13,"Zato prosim ministrstvo, da mi resnično odgovori, oz. pove razloge, zakaj noče odgovoriti."
8,Drugo vprašanje bi naslovil na Ministrstvo za obrambo.
3,In sicer zakaj.
18,"Ker v okolici Ljubljane je še vedno veliko cestnih ovir za tanke, to so tiste piramide in jezdeci."
16,"Mislim, da je skrajni čas, da jih odstranimo, zato dajem pobudo, da se to čimprej odstrani."
25,"Tretje vprašanje; pa ne vem na koga bi naslovil, v glavnem v Ljubljani se pojavlja vedno več luksuznih avtomobilov z registrskimi tablicami republiških upravnih organov."
16,"Vprašal bi, koliko je bilo v zadnjem času kupljenih teh avtomobilov in katera ministrstva jih uporabljajo."
2,Hvala lepa.
2,Hvala lepa.
5,Gospod dr. Vivod je naslednji.
6,Imam dvoje vprašanj pa eno pobudo.
5,Pa bi kar vprašanji začel.
24,"Prvo me zanima, kdo plača snemanje televizije v Skupščini, če so ti stroški kriti iz proračuna skupščine, me zanima koliko ti stroški znašajo letno."
32,"Drugo pa bi ponovil pobudo, ki sem jo že prej dal, da naj bi vlada Slovenije takoj, oz. čimprej angažirala zdravnike in medicinske sestre za izvajanje zdravstvene nege v centrih za begunce."
77,"Pobudo pa imam pa tole in sicer, glede na vse večje število brezposelnih v Republiki Sloveniji ter s tem v zvezi z vse slabšim socialnim in materialnim položajem nezaposlenih, predlagamo, da vlada Republike Slovenije prouči možnost javnega priporočila podjetjem oz. ustanovam, da naj bi nezaposleni državljani Republike Slovenije s potrdilom pristojnega zavoda za zaposlovanje bili upravičeni do popusta pri nakupu raznih vozovnic, vstopnic in podobno, tako kot to velja za dijake, študente, upokojence, invalide in podobne kategorije."
10,To pobuda dajem v imenu kluba poslancev Socialno-demokratske stranke Slovenije.
2,Hvala lepa.
2,Hvala lepa.
10,Gospod Klavora je naslednji in po dosedanjih prijavah tudi zadnji.
49,"Imam tri pobude, ker so namenjene Ministrstvu za promet in zveze, pa ker mogoče niso vse tako zanimive jih ne bom bral, jih oddajam, posebej pa bi opozoril samo na eno, namreč junija meseca je bila na relaciji Jesenice - Nova gorica ukinjenih 30% potniških zvez, to so štirje vlaki."
55,"To kaže na značilen odnos tega Ministrstva do našega območja, Tolminske predvsem pa dela Slovenije, ki je demografsko ogrožen; zato na njega posebej naslavljam še vprašanje, naj tudi med drugim pisno odgovori na vprašanja s tem v zvezi, ki so mu že posredovana z več strani pa ljudje, ki jih plačujemo ne dajo niti odgovora."
1,Hvala.
2,Hvala lepa.
10,S tem smo izčrpali prijavljence za to točko dnevnega reda.
27,"S tem bi zaključil to 27. sejo z opombo, da še ne moremo objaviti, kako je z usklajenostjo sprejetih zadev, zlasti kar zadeva oba zakona o državljanstvu."
21,"Pri enem smo neusklajeni in ga bomo pač v okviru 28. seje ali kasneje usklajevali, za drugega pa še ni informacij."
8,S tem je 27. seja Zbora občin zaključena.
10,Ob 14. uri bi na Tomšičevi nadaljevali 28. sejo zbora.
4,Do takrat je odmor.
