gap,Pripomba iz klopi - ne sliši se.
gap,"Ni vključen, se ne sliši."
gap,Pripomba iz klopi.
gap,nerazumljivo
gap,se ne sliši
gap,se ne sliši
gap,nerazumljivo
gap,nerazumljivo
gap,nerazumljivo
gap,Govorjenje iz klopi.
gap,Govor iz klopi.
gap,Govori iz klopi - ne sliši se.
gap,... delegatov.
gap,... delegatov.
gap,"Se ne sliši, govori iz klopi."
gap,... delegatov.
gap,?
gap,Pintar: govori iz klopi!
gap,Glasovi iz dvorane.
gap,Glasovi iz dvorane.
gap,Še glasovi iz dvorane.
gap,nerazločno
gap,Glasovi v dvorani.
gap,Se ni vključil - nerazumljivo.
gap,Pripomba iz klopi gospoda Franca Potočnika.
gap,Glas iz klopi: se ga ne sliši dobro
gap,Nekdo govori iz klopi - ne sliši se.
gap,nerazumljiva beseda
gap,"Govori iz klopi, ni priključen, zato se ne sliši."
gap,Se ne sliši.
gap,nerazumljive besede
gap,nerazumljivo
gap,Glas iz dvorane.
gap,Govori iz klopi nerazločno.
gap,"razprava iz klopi, se ne sliši."
gap,Glasovi iz dvorane.
gap,govorjenje.
gap,Govorjenje iz klopi.
gap,govorjenje
gap,govorjenje v dvorani in pri predsedniški mizi.
gap,govorjenje
gap,govorjenje
gap,Nekdo iz klopi.
gap,"govori iz klopi, se ne sliši"
gap,"govori iz klopi, nerazumljivo"
gap,Nekdo iz klopi želi razpravljati.
gap,Janez Kocijančič iz dvorane nerazločno.
gap,"France Tomšič iz dvorane, nerazločno."
gap,Ugovor iz klopi.
gap,glasovi iz dvorane
gap,Glasovi iz dvorane.
gap,Vmes ne vključeni
gap,Pojasnjevanje iz klopi.
gap,Odgovor se ne sliši.
gap,"Glas iz dvorane, ki se ga ne razume."
gap,Govori iz klopi - ne sliši se.
gap,Ugovor gospoda Kocipra iz klopi
gap,Iz klopi - ne sliši se.
gap,Glasovi iz klopi- ne sliši se.
gap,Sledi tiho posvetovanje.
gap,Ugovori iz klopi.
gap,Ugovor iz klopi.
gap,Iz klopi - nerazumljivo.
gap,Glasovi iz dvorane.
gap,Glasovi iz dvorane.
gap,Franc Pivec iz klopi - nerazločno.
gap,Glasovi iz dvorane.
gap,Nekaj pregovarjanj iz dvorane.
gap,Glasovi iz dvorane.
gap,"Dušan Semolič iz klopi, nerazločno."
gap,"Pojasnila iz klopi, nerazločno."
gap,"Se ne sliši ker govori iz klopi, več glasov."
gap,Pripomba iz klopi.
gap,Pripomba iz klopi.
gap,Pripomba iz klopi.
gap,Pripombe v dvorani.
gap,Nekdo iz dvorane je nekaj pripomnil.
gap,Vmes iz dvorane.
gap,Glasovi iz dvorane.
gap,Vmes nekdo - ni vključen.
gap,Vmes ženski glas iz dvorane - ni vključena.
gap,Pripomba iz klopi - ni razumljivo.
gap,Nekdo iz klopi.
gap,Iz klopi - ni razumljivo.
gap,Nekdo pojasnjuje iz klopi - ne razume se.
gap,Glas iz dvorane - ne sliši se.
gap,Iz dvorane - ne sliši se.
gap,Glas iz dvorane.
gap,Govori jih več hkrati v dvorani.
gap,Vprašanja iz klopi - niso vključeni
gap,"Odgovor iz klopi, se ne sliši."
gap,Iz klopi nerazumljivo.
gap,Iz klopi nerazumljivo.
gap,Neka delegatska govori iz klopi.
gap,Naprej se ga ne razume.
gap,Tiho dogovarjanje.
gap,Glas iz dvorane.
gap,Intervencija iz klopi glede navzočnosti poslancev v dvorani - ne sliši se dobro.
gap,Glas iz dvorane - ne razume se.
gap,Vmes tiho dogovarjanje.
gap,"...(Iz klopi nekdo govori, se nič ne sliši.)..."
gap,"Ponovno iz klopi, ni vključen."
gap,Iz klopi - ni vključen
gap,Pripombe iz klopi.
gap,Pripombe iz klopi.
gap,"Iz ozadja nekdo sprašuje, nerazumljivo vprašanje."
gap,"V ozadju nekdo sprašuje, vendar se ne sliši."
gap,Pripomba iz klopi - nerazumljivo.
gap,Odgovor se ne sliši.
gap,Ne vključeni iz dvorane govori.
gap,Vmes nekdo ne vključen iz dvorane.
gap,Vmes nekdo ne vključen.
gap,Vmes ne vključena delegatka iz dvorane.
gap,Iz klopi nekaj.
gap,Vmes tiho posvetovanje.
gap,Vmes tiho posvetovnaje.
gap,Vmes nekdo nevključen.
gap,Spet nekdo nevključen iz dvorane.
gap,Tihi posvet.
gap,Zopet mrmra Bogo Rogina - vmes.
gap,Tiho govorjenje.
gap,vmes več glasov iz dvorane
gap,Vmes nevključeni iz dvorane.
gap,Oglašanje iz dvorane.
gap,intervencija Jaše Zlobca
gap,Pripomba iz dvorane.
gap,"Replika iz dvorane, se ne sliši."
gap,vmes govorjenje iz klopi
gap,"Ugovori iz dvorane, nerazločno."
gap,"ugovori iz klopi, nerazločno"
gap,Začetek ni posnet!
gap,Glasovi iz klopi.
gap,Glasovi iz klopi.
gap,Glasovi iz klopi.
gap,Glas iz dvorane.
gap,Se ne sliši!
gap,"Iz dvorane, nerazločno."
gap,"Glas iz dvorane, nerazločno."
gap,nerazločno!
gap,Potihem se pogovarjajo.
gap,Nekdo govori iz klopi - se ne sliši dobro.
gap,Nekdo iz klopi.
gap,"Vprašanje iz klopi, ni razločno."
gap,dr. Kranjec iz klopi; nerazločno
gap,"Jože Smole govori iz klopi, vendar nerazločno."
gap,Vmes nekaj iz klopi.
gap,Glasovi iz dvorane.
gap,Vmes nekdo govori iz klopi.
gap,Glasovi iz dvorane.
gap,Še glasovi v dvorani.
gap,Vmes jih več govori.
gap,Vmes govorjenje iz klopi.
gap,Vmes govorijo drugi iz klopi.
gap,se ne sliši!
gap,Glas iz dvorane nejasno.
gap,ugovor predsednika Zupančiča.
gap,Vmes iz klopi.
gap,vmes govorjenje iz klopi
gap,"govori iz klopi, ni razločno!"
gap,Vmes govorjenje iz klopi.
gap,vmes govorjenje iz klopi
gap,"Ne sliši se dobro, ker se je verjetno pomotoma vključil kak drug govornik."
gap,Se ne sliši.
gap,Se ne sliši razprave Miloša Senčurja.
gap,Nekdo se oglaša iz klopi.
gap,vmes govorjenje iz klopi
gap,šepetaje: Kako se že piše? Odgovor.
gap,ni vključen.
gap,govori iz klopi in se ne sliši.
gap,"Vmes govori nekdo iz klopi, a se ne sliši."
gap,Medklic iz klopi
gap,Medklici.
gap,intervencija iz dvorane. - se ne sliši.
gap,Reakcija v dvorani.
gap,Odgovor iz klopi.
gap,Govorjenje iz klopi.
gap,Nekaj okoli tega kako gospod minister gleda Braca Rotarja in kako Braco Rotar gleda gospoda ministra.
gap,Iz klopi se oglašajo poslanci.
gap,Pripombe iz klopi.
gap,Nekdo govori iz klopi.
gap,Ponovno se oglaša iz klopi.
gap,Glasovi iz dvorane.
gap,Govori iz klopi.
gap,Vprašanja iz klopi.
gap,Iz dvorane nekaj Ciril Ribičič - se ne sliši.
gap,Vpraševanje iz klopi.
gap,Ugovor delegata Magajne iz klopi; nejasno.
gap,Odgovor iz dvorane - se ne sliši.
gap,Ugovori iz dvorane.
gap,Še glasovi iz dvorane.
gap,Še ugovori iz dvorane.
gap,Ugovori iz dvorane.
gap,Pripombe iz dvorane.
gap,Sledi nejasen posnetek.
gap,nekdo v ozadju
gap,Tiho dogovarjanje.
gap,"se ne razume, ker posnetek večkratno odmeva"
gap,"Se ne sliši, ker govori iz klopi."
gap,Glasovi iz dvorane.
gap,delegati klepetajo
gap,Medklici.
gap,Govorijo v ozadju.
gap,Nekdo iz klopi nekaj predlaga.
gap,komentar iz dvorane ni razumljiv
gap,Medklic iz klopi
gap,Medklic iz klopi.
gap,glasovi v dvorani
gap,Vmes tiha pripomba neke gospe.
gap,Še pripomba iz klopi.
gap,Še pripombe iz klopi.
gap,Glasovi iz dvorane.
gap,Glas iz klopi.
gap,"Razpravljalec iz klopi, ni vključen in se ga ne razume."
gap,Iz klopi govori gospod Brglez in je nerazumljivo.
gap,"iz klopi, delegat ni vključen"
gap,iz klopi
gap,Iz klopi nerazumljivo.
gap,govorijo v ozadju
gap,nek delegat govori v klopi
gap,Nek delegat govori iz klopi.
gap,iz klopi
gap,nejasno
gap,Razprava v dvorani.
gap,nerazumljivo
gap,.........
gap,Nerazumljivo.
gap,"ni vključen, govori v ozadju"
gap,.....
gap,ni vključen - nekdo v ozadju
gap,"govori iz klopi, pa ni vključen"
gap,"Iz klopi govori gospod Gros, vendar je nerazumljivo."
gap,"Neidentificiran razpravljalec iz klopi, ni vključen!"
gap,Iz klopi: nerazumljivo.
gap,Nerazumljivo iz klopi
gap,Darja Lavtižar-Bebler: - govori iz klopi.
gap,Iz klopi: nerazumljivo.
gap,Iz klopi nekdo nekaj sprašuje.
gap,Gospod Glavič govori iz klopi in ni razumljivo.
gap,Iz klopi nekdo nekaj sprašuje.
gap,"Vmes nekdo govori iz dvorane, ampak se ne sliši"
gap,"Iz klopi govori nekdo nekaj, nerazumljivo."
gap,Še nekaj govori iz klopi isti delegat.
gap,Nekdo govori iz klopi.
gap,Iz dvorane - se ne sliši
gap,iz dvorane - se ne sliši.
gap,"Viljem Mak govori iz klopi, nerazumljivo."
gap,"Gospod Mak zopet govori iz klopi, nerazumljivo."
gap,"Gospod Muren govori iz klopi, nerazumljivo."
gap,"Iz klopi, se ne razume."
gap,Iz klopi: se ne sliši
gap,"Gospod Gros nekaj govori iz klopi, se ne razume."
gap,"Komentar iz klopi, se ne sliši."
gap,"Iz klopi nekdo govori, je nejasno."
gap,Nekdo nekaj sprašuje iz klopi.
gap,nerazumljive besede
gap,Franc Lovrenčič govori iz klopi - se ne sliši.
gap,"govori iz klopi, se ne sliši."
gap,Iz klopi nekdo nekaj govori.
gap,Komentar iz klopi - se ne sliši.
gap,Medklic iz dvorane - se ne sliši
gap,"Iz klopi, verjetno gospod Brglez - nekako o tem, da ne morejo našteti pet držav .."
gap,nekdo se oglaša iz klopi
gap,Iz klopi Emil Milan Pintar - se ne sliši.
gap,Govor v dvorani - več jih govori.
gap,Pintar govori iz klopi.
gap,Delegati govorijo iz klopi.
gap,nekdo govori iz klopi
gap,Na magnetofonskem traku besedila ni slišati.
gap,nekdo govori iz klopi
gap,Iz klopi nekdo govori.
gap,Iz klopi nekdo govori.
gap,Govori v ozadju nekaj besed.
gap,Nekdo govori iz klopi.
gap,Iz klopi nekdo govori.
gap,Nekdo govori iz klopi.
gap,Gospod Atelšek govori iz klopi. Je nerazumljivo.
gap,gospod Atelšek govori iz klopi
gap,Nerazumljivo iz klopi.
gap,"Nekdo se oglaša iz dvorane, pa se ga ne sliši."
gap,Nekdo se oglaša iz klopi.
gap,.......
gap,Iz klopi ima nekdo pripombo!
gap,Iz klopi zopet nekdo nekaj sprašuje.
gap,Še vedno pripomba iz klopi.
gap,iz dvorane se ne razloči
gap,predsednik ga prekinja ...
gap,Glas iz klopi.
gap,Vmes vzklik iz klopi.
gap,nerazumljivo
gap,govori iz klopi
gap,iz klopi
gap,"Nekdo iz dvorane, se pa ne sliši."
gap,nekdo govori iz klopi
gap,Glas iz klopi.
gap,Glasovi iz klopi.
gap,Glasovi v dvorani.
gap,Glas iz dvorane.
gap,"Se ne razume, ker govori iz klopi."
gap,Iz klopi: .....
gap,"Lovrenčič pojasnjuje, da je tako zapisano, kar je povedal in da gre v bistvu za preveč administriranja."
gap,Iz klopi: nerazumljivo.
gap,Iz klopi: nerazumljivo.
gap,.............
gap,Gospod Umek govori klopi in se ne razume.
gap,Nekdo govori iz klopi in se ne razume.
gap,Iz klopi nekdo nekaj sprašuje.
gap,"Se ne sliši, ker govorita eden čez drugega dr. Toplak-Potrč"
gap,Potrč govori iz klopi
gap,Potrč govori iz klopi
gap,Vmes nekaj iz klopi - se ne sliši
gap,predsedujoči ga prekine
gap,Iz klopi nekdo nekaj vpraša.
gap,"Nekdo ima pripombo iz klopi, ki je nerazumljiva."
gap,Iz klopi nerazumljivo.
gap,iz klopi.
gap,Iz klopi nerazumljivo.
gap,ni vključen.
gap,Nekdo iz dvorane - ne sliši se.
gap,Glasovi iz dvorane.
gap,Govorjenje iz klopi: za vse.
gap,Burni glasovi iz dvorane.
gap,Glasovi iz klopi.
gap,Pripombe iz klopi.
gap,Govorjenje iz dvorane?
gap,Vprašanje iz klopi:
gap,"Pogovarja se s sodelavci: Kot osnutek, če ga on (Erce) umika, da sploh ne razpravljamo."
gap,Glasovi iz dvorane.
gap,ni vključena
gap,Intervenca J. Smoleta iz dvorane - ne sliši se.
gap,Nekdo nekaj pripominja iz klopi.
gap,Pregovarjanje v klopeh.
gap,Nekdo iz klopi ima pripombo.
gap,Pripomba iz klopi.
gap,pripomba iz klopi
gap,govori iz klopi
gap,"Nekdo iz klopi razlaga nekaj o svojem amandmaju, (54. člen) za katerega predsednik Jože Zupančič ugotavlja, da ga nima. Pustimo. Dobro. V redu."
gap,vmes govorjenje iz klopi.
gap,glasovi iz klopi
gap,govorjenje iz klopi.
gap,Glasovi iz klopi.
gap,"Miha Jazbinšek nekaj sporoča iz klopi, ni pa razumljivo!"
gap,neka pripomba iz klopi!
gap,"Dialog v klopi med več delegati, ki ni razumljiv!"
gap,Nekdo nekaj govori iz klopi!
gap,"Miha Jazbinšek zopet govori iz klopi in ni dobro razumljivo, hkrati pa govorijo mnogi delegati vse povprek!"
gap,Zopet govorijo vsi hkrati kar iz klopi in ni razumljivo!
gap,Nekaj pripomb iz klopi!
gap,Še vedno pripombe iz klopi!
gap,Še vedno pripombe iz klopi!
gap,Pripomba gospoda Jazbinška iz klopi!
gap,Pripombe iz klopi in predsednik odgovarja nanje!
gap,Gospod Zlobec in Jazbinšek nekaj pojasnjujeta!
gap,Pripomba iz klopi!
gap,Zopet neka pripomba iz klopi!
gap,Zopet pripombe iz klopi!
gap,Pripomba iz klopi!
gap,"Nekdo iz klopi ima pripombe, ki niso razumljive!"
gap,Zopet pripombe iz klopi!
gap,Pripombe iz klopi in odgovori nanje!
gap,iz klopi - večinoma nerazumljivo!
gap,nekdo nekaj sporoča iz klopi!
gap,"Gospa Martina Lippai, svetovalka IS v Ministrstvu za kmetijstvo in prehrano govori iz kopi in se ne sliši dobro!"
gap,Anka Osterman nekaj sporoča iz klopi in ni razumljivo!
gap,Pojasnjevanje iz klopi. Se ne sliši!
gap,Jaša Zlobec nekaj govori iz klopi!
gap,Govorjenje iz klopi!
gap,Govorjenje iz klopi!
gap,Glasovi iz klopi!
gap,Govorjenje iz klopi!
gap,Posvet s sekretarko zbora.
gap,Spraševanje iz klopi!
gap,Posvetovanje s sekretarko.
gap,Govorjenje iz klopi!
gap,Glasovi iz klopi!
gap,Govorjenje iz klopi!
gap,"Govori jih več hkrati, tudi iz dvorane, se ne sliši!"
gap,"Govorjenje iz dvorane, se ne sliši!"
gap,Nekdo govori iz klopi!
gap,Govorijo vsi povprek!
gap,Govori iz klopi in se ga slabo razume!
gap,Govorijo vsi povprek!
gap,Šter je nerazumljiv!
gap,govori iz klopi
gap,"Govori iz klopi, je nerazumljivo!"
gap,Govorjenje iz klopi!
gap,Pripombe iz klopi!
gap,"Pripombe iz klopi, daljši presledek..."
gap,Pripombe iz klopi!
gap,Še vedno pripombe iz klopi!
gap,Govori iz klopi in se slabo razume.
gap,Nekaj besed ni posnetih.
gap,"Ni razumljivo, ni vključen in iz klopi govori!"
gap,Dogovarjanje!
gap,"Roman Jakič sporoča, da umika."
gap,Nekdo se oglaša iz klopi - ne sliši se.
gap,Glasovi iz dvorane.
gap,Nekdo se oglaša iz klopi.
gap,Glasovi iz dvorane.
gap,Glasovi iz dvorane.
gap,Pripomba iz klopi.
gap,Komentar iz dvorane.
gap,Intervencija iz dvorane.
gap,Intervencija iz dvorane.
gap,"Glas iz dvorane, ni jasen."
gap,"Iz klopi, ne sliši se."
gap,Tiho posvetovanje.
gap,Glasovi iz dvorane.
gap,Posvetovanje.
gap,Glasovi iz dvorane.
gap,Glasovi iz dvorane.
gap,Tiho posvetovanje.
gap,Glasovi iz dvorane.
gap,Odgovor iz dvorane - ne sliši se.
gap,Odmev iz dvorane - ne sliši se.
gap,Dogovarjanje.
gap,Tiho posvetovanje.
gap,Glasovi iz dvorane.
gap,Glasovi iz dvorane.
gap,Glas iz dvorane.
gap,Reakcija iz dvorane - ne sliši se.
gap,Govorjenje iz dvorane.
gap,iz klopi
gap,se ne razume
gap,mnenja v dvorani
gap,Dogovarjanje.
gap,Reakcije iz dvorane.
gap,Dogovarjanje v dvorani; morda signalizacija ne dela prav?
gap,Protest g. Golije - iz dvorane in se ne sliši.
gap,Reakcija v dvorani.
gap,Reakcija in ugovori iz dvorane.
gap,Jože Smole iz klopi - ne sliši se.
gap,Reakcija iz dvorane - ne sliši se.
gap,Pripombe iz klopi.
gap,Pripomba nekoga.
gap,Pripomba iz klopi.
gap,Nerazločno.
gap,Odmev iz dvorane - nekaj o 12. členu - ne sliši se.
gap,Pojasnilo iz dvorane - ne sliši se.
gap,govori nejasno iz klopi.
gap,"Vmes se je oglasil gospod Jaša Zlobec, vendar se ni vključil, se ga ne sliši."
gap,govori iz klopi
gap,Govori iz klopi.
gap,Glasovi iz dvorane.
gap,nekdo nekaj pripominja
gap,Pripombe iz klopi.
gap,"Usklajevanje, posvetovanje"
gap,govorjenje v dvorani
gap,Šepet gospe.
gap,Več jih govori iz klopi.
gap,"Vmes nekdo, se ne razume: ... dodatni sklep."
gap,Nekaj govorijo iz klopi.
gap,Iz klopi medklic
gap,Pripombe iz klopi.
gap,Pripombe iz klopi.
gap,Pripombe iz klopi.
gap,Medklic iz klopi.
gap,Zopet pripombe iz klopi.
gap,Govori iz klopi.
gap,Govori iz klopi.
gap,Pripomba iz klopi.
gap,Posvetovanje.
gap,Posvetovanje.
gap,Nerazumljivo.
gap,Glasovi iz dvorane.
gap,Glasovi iz dvorane.
gap,Ugovori Mirana Potrča iz klopi - ne razume se.
gap,Ugovori Emila Milana Pintarja iz klopi.
gap,Še ugovori iz klopi - ne razume se.
gap,Ugovori iz klopi.
gap,Glasovi iz dvorane.
gap,Pripomba iz klopi - ne razume se.
gap,Glasovi iz dvorane.
gap,Emil Milan Pintar - iz klopi.
gap,Pripomba iz klopi - ne razume se.
gap,Pripomba iz klopi.
gap,Glasovi iz dvorane.
gap,Vmes tiha pripomba gospe.
gap,Intervencija iz dvorane - ne sliši se.
gap,Predsednik dr. Ludvik Toplak - nejasno.
gap,Nekdo iz klopi - ne sliši se.
gap,Glasovi iz klopi.
gap,Glasovi iz klopi.
gap,Glasovi iz klopi.
gap,"Še nekaj govori - ne razume se, ker govori tudi predsednik."
gap,govori iz klopi
gap,nerazumljivo
gap,pripomba iz klopi
gap,vmes govorijo iz klopi
gap,se ga ne razume...
gap,Glasovi iz dvorane.
gap,"Gospod Židanik sprašuje iz klopi, če je določena danes skupna seja."
gap,Nekdo iz klopi nekaj sprašuje.
gap,v ozadju govori.
gap,Govorjenje iz klopi.
gap,"Ugotavljajo, ali je notri ali ni."
gap,Govori iz klopi. Se ne razume. ... argumenti so takšni kot sem jih podal. Gre za različna mišljenja....
gap,Govorjenje iz klopi.
gap,Iz klopi ima nekdo pripombo.
gap,Medklic iz dvorane - se ne sliši.
gap,Nekdo govori iz klopi.
gap,Glas iz klopi - se ne razume
gap,Govor iz klopi.
gap,Govor izklopi.
gap,več jih govori.
gap,govor iz klopi.
gap,Govor iz klopi.
gap,Govor v ozadju.
gap,Govor iz klopi.
gap,govori iz klopi in se ne razume dobro
gap,dialog med navzočimi
gap,se ne sliši
gap,dialog
gap,Iz klopi nekdo nekaj govori in se ne sliši.
gap,Iz klopi nekdo nekaj sprašuje.
gap,Zopet nekdo nekaj sprašuje.
gap,Glas iz klopi.
gap,Iz klopi - nerazumljivo.
gap,Iz klopi - se slabo sliši
gap,Se ne sliši dobro.
gap,Govorjenje v dvorani.
gap,Nekdo se oglasi iz dvorane - se ne sliši.
gap,"Čita iz klopi, se ne sliši."
gap,"Iz klopi nekdo prosi, da naj predsednik prebere 362. člen."
gap,Dialog v klopi.
gap,Govorjenje iz klopi. Se ne sliši.
gap,Intervencija iz dvorane
gap,Oglašanje iz dvorane.
gap,Nekdo se oglaša iz klopi
gap,Intervencija iz dvorane.
gap,Pojasnilo iz klopi.
gap,Tiho dogovarjanje.
gap,Iz klopi nekdo nekaj sporoča.
gap,Ponovno nekaj sporoča iz klopi.
gap,Intervencija iz dvorane - ne sliši se.
gap,Nek glas iz dvorane
gap,"-pojasnilo predsednika zbora, da je tudi Zbor združenega dela lahko jutri-"
gap,Iz klopi - ne sliši se.
gap,Glasovi iz dvorane.
gap,Tiho posvetovanje.
gap,Oglašanje iz dvorane.
gap,Nekdo se oglasi iz dvorane.
gap,Glas iz klopi.
gap,Nekdo iz dvorane.
gap,"pripombe iz klopi, dialog"
gap,Nekdo ima pripombo iz klopi.
gap,iz klopi ima nekdo neko pripombo
gap,Glas iz klopi - se ne razume.
gap,Glas iz klopi nekaj pojasnjuje. Se ne razume.
gap,Nekdo govori iz klopi.
gap,Nekdo nekaj sprašuje
gap,Nekdo iz klopi nekaj sprašuje.
gap,iz klopi nekdo govori
gap,posvetovanje
gap,Intervencija oziroma vprašanje iz dvorane.
gap,Govor iz klopi - ne sliši se.
gap,Nekdo se oglasi iz dvorane - se ne sliši.
gap,iz klopi ima nekdo pripombo
gap,nekdo govori iz klopi
gap,Nekdo govori iz klopi - se ne razume.
gap,Vmes nekdo iz klopi - se ne razume.
gap,Govorjenje iz klopi.
gap,pripombe iz klopi
gap,Tiho pogovarjanje.
gap,Odgovor iz klopi. Se ne razume.
gap,"Pripomba iz klopi, ki se ne sliši."
gap,Neko vprašanje iz klopi.
gap,Posvetovanje.
gap,Posvetovanje.
gap,Glasovi iz dvorane.
gap,nerazumljivo
gap,Glasovi iz dvorane.
gap,Reakcija iz dvorane.
gap,Iz dvorane.
gap,Odgovor iz dvorane.
gap,nerazumljivo
gap,Pripomba iz klopi.
gap,Nekaj reče iz klopi.
gap,"Iz klopi nekdo nekaj sprašuje, ne razume se."
gap,kratka prekinitev
gap,Pripomba iz klopi.
gap,Pripomba iz klopi.
gap,Pripomba iz klopi.
gap,Pripomba iz klopi.
gap,zopet pripomba iz klopi.
gap,nekdo iz dvorane - se ne sliši
gap,Prekinitev na traku.
gap,Nekdo govori iz klopi.
gap,Odgovarja nazaj.
gap,Še nekdo ima pripombo.
gap,Odgovarja nazaj.
gap,Odgovarja nazaj.
gap,iz klopi: nerazumljivo.
gap,govori iz klopi nerazumljivo.
gap,Tiho posvetovanje.
gap,Glasovi iz klopi - se ne razume.
gap,"Intervencija, verjetno dr. Buserja iz dvorane - se ne sliši."
gap,"ugotavljanje, dogovarjanje."
gap,Iz klopi govori dr. Stanko Buser.
gap,Nekaj reakcije iz dvorane - ne sliši se.
gap,Oglašanje iz dvorane - ne sliši se.
gap,Razprava v dvorani.
gap,Ni vključen.
gap,Nerazumljivo.
gap,nerazumljiva beseda
gap,"....(govori nekdo, ki ni vključen."
gap,govori iz klopi
gap,Nerazumljivo iz klopi: ...
gap,Oglašanje iz dvorane.
gap,Govorjenje iz klopi - ne sliši se.
gap,Intervencija iz dvorane - ne sliši se.
gap,Oglašanje iz dvorane.
gap,nerazločno
gap,nerazločno
gap,Oglašanje iz dvorane.
gap,Iz dvorane.
gap,Posvet v delovnem predsedstvu
gap,Dr. Katja Boh: iz dvorane.
gap,Govorjenje v dvorani - ne sliši se.
gap,Emil Milan Pintar iz dvorane - ne sliši se.
gap,Nekdo govori iz klopi.
gap,Nekdo iz dvorane.
gap,Nekdo iz dvorane.
gap,Nerazumljivo.
gap,Glasovi iz dvorane.
gap,Govorjenje iz klopi - se ne razume.
gap,Nekdo govori iz klopi - se ne razume.
gap,Nekdo iz dvorane - slabo se razume: ...za Grosa...
gap,Govorjenje iz klopi.
gap,Nekdo iz klopi - ne razume se.
gap,Govorijo med seboj.
gap,Nekdo iz klopi - ne razume se.
gap,Nekdo potiho govori. Govorijo tudi v dvorani.
gap,...
gap,dialog
gap,pripombe iz klopi
gap,Pripomba iz klopi.
gap,Nekdo nekaj vpraša.
gap,"Dialog, gospa Marija nekaj pojasnjuje s klopi."
gap,"vmes izgovorjena ena beseda, ki je nerazumljiva."
gap,Iz klopi nekdo nekaj sprašuje.
gap,iz klopi zopet nekaj govorijo
gap,Ni vključen - se ne sliši.
gap,Nekdo iz dvorane - se ne sliši.
gap,Iz dvorane - se ne sliši
gap,Govorjenje v dvorani - se ne razloči
gap,...
gap,Iz dvorane - se ne sliši
gap,Se preštevajo.
gap,Nemir v dvorani in govorjenje.
gap,"iz klopi nekdo govori, se ne sliši ..."
gap,"govori iz klopi, ni razumljivo."
gap,ni vključena
gap,Odgovarjanje iz klopi - se ne razume.
gap,"Iz dvorane, da so že dobili na klop v zvezi z narodno manjšino."
gap,Iz dvorane - ne sliši se.
gap,Ugotavljanje v dvorani.
gap,Iz dvorane.
gap,ne sliši se.
gap,dialog.
gap,Govorjenje iz klopi - ne razume se.
gap,Iz dvorane - ne sliši se.
gap,Iz dvorane - ne sliši se.
gap,Iz dvorane - ne sliši se.
gap,Iz dvorane.
gap,Pripomba iz klopi.
gap,Pripomba iz klopi.
gap,Nekdo nekaj sprašuje iz klopi.
gap,Nekdo iz klopi - ne sliši se.
gap,Nekdo ima pripombo iz klopi.
gap,Besedilo na traku zgine.
gap,"Glas iz klopi, se ne razume."
gap,Govorjenje iz klopi - se ne razume.
gap,Glasovi iz klopi - se ne razume.
gap,Odgovor iz klopi.
gap,Nekdo govori iz klopi - se ne razume.
gap,Posvet v delovnem predsedstvu.
gap,Govor iz klopi.
gap,Govorjenje iz klopi - se ne razume.
gap,Ugovor iz dvorane - ne sliši se.
gap,Glas iz dvorane.
gap,Iz dvorane - ne sliši se.
gap,Nekdo iz dvorane - se ne sliši.
gap,......
gap,Nekdo nekaj govori iz klopi.
gap,Govori iz klopi in se ne sliši.
gap,Razprava iz dvorane.
gap,Predlog iz klopi.
gap,Pripomba iz klopi.
gap,Odgovor iz dvorane - se ne sliši.
gap,Iz klopi nekdo nekaj govori.
gap,Nevključen glas iz klopi.
gap,"Ugovor iz dvorane, nerazločno."
gap,"se ne sliši, ker govori iz klopi!"
gap,Gros govori iz Klopi
gap,pojasnilo iz dvorane - ne sliši se.
gap,Glasovi iz dvorane.
gap,Pripomba iz klopi.
gap,Pripomba iz klopi.
gap,Dialog.
gap,Nekdo ima pripombo iz klopi.
gap,Pripomba iz klopi.
gap,Pripomba.
gap,Dialog.
gap,Pripomba iz klopi.
gap,Govorjenje v dvorani.
gap,Govorjenje v dvorani.
gap,..
gap,"Pripomba iz klopi, ki se ne sliši."
gap,Še ena pripomba.
gap,govor iz dvorane.
gap,........
gap,"sledi opozorilo iz dvorane, ki ni razumljivo"
gap,.......iz klopi
gap,.......iz klopi
gap,"Glas iz klopi, ne razume se"
gap,Nekdo se oglasi iz dvorane.
gap,Vprašanje iz dvorane.
gap,Predlogi iz dvorane.
gap,"Govorjenje, ugotavljanje v dvorani."
gap,J. Smole nekaj iz klopi - se ne sliši.
gap,iz klopi
gap,nerazumljiva beseda
gap,Glasovi iz klopi.
gap,Gospod podpredsednik govori iz klopi.
gap,Govorjenja iz klopi.
gap,... iz klopi
gap,iz klopi
gap,iz klopi ...
gap,Iz klopi ...
gap,Govori iz klopi - nerazumljivo.
gap,Iz klopi - nerazumljivo.
gap,"Sledi razprava več razpravljalcev hkrati iz dvorane, nerazumljivo za pisanje."
gap,Pripombe iz dvorane.
gap,šepetanje
gap,nerazumljivo
gap,Ne sprejme - nerazumljivo
gap,šepet
gap,nerazumljivo - saj smo
gap,dogovarjanje iz dvorane
gap,iz dvorane - se ne sliši
gap,"nerazumljivo, tišina"
gap,glas iz dvorane.
gap,Razpravlja iz dvorane - nerazumljivo.
gap,glas iz dvorane.
gap,POZSONEC: iz klopi - nerazumljivo
gap,iz klopi: dr. Vencelj
gap,Iz klopi.
gap,"Neidentificiran govornik iz klopi, nerazumljivo."
gap,Nerazumljiv šepet iz klopi.
gap,dogovarjanje v predsedstvu zbora.
gap,Glas iz klopi - se ne razume.
gap,vmes pripomba iz klopi - se ne razume.
gap,Iz klopi - nerazumljivo.
gap,vmes govorijo
gap,Pripomba iz klopi.
gap,Nekdo se oglasi iz dvorane
gap,glas iz klopi - se ne razume.
gap,Nekdo se oglasi iz dvorane
gap,Govorjenje v dvorani.
gap,pregovarjanje
gap,nerazumljiva beseda
gap,pripomba
gap,iz klopi.
gap,Iz klopi.
gap,Glas iz klopi.
gap,Glas iz klopi - se ne razume.
gap,Glas iz klopi - se ne razume.
gap,nerazumljiva beseda
gap,Govor iz klopi.
gap,Vprašanje iz dvorane - se ne sliši.
gap,Pripomba iz klopi.
gap,Ponovno iz klopi pripomba.
gap,"Gospod Drame govori iz klopi - ni vključen, zato je tekst nerazumljiv."
gap,oglašanje iz dvorane - se ne sliši
gap,odgovor iz klopi
gap,Capuder govori iz klopi.
gap,Nekdo govori iz klopi - se ne razume.
gap,Iz klopi govori isti glas kot prej - se ne razume.
gap,Glas iz klopi - se ne razume.
gap,Nekdo govori iz klopi - se ne razume.
gap,"Vmes pojasni podpredsednik, da gre za razpravo o amandmajih."
gap,nerazumljiv ugovor
gap,"Iz klopi vprašanja, se ne sliši."
gap,Gospod Moge nekaj odgovarja iz klopi in se ne sliši dobro.
gap,Prigovarjanje v dvorani.
gap,Govor iz klopi
gap,Pripomba iz klopi.
gap,pregovarjanje
gap,oglašanje iz dvorane - se ne sliši.
gap,Oglašanje iz dvorane - se ne sliši
gap,dogovarjanje v delovnem predsedstvu
gap,govorjenje v dvorani
gap,dogovarjanje v delovnem predsedstvu
gap,Iz klopi nekdo nekaj govori.
gap,Iz klopi nekdo nekaj govori.
gap,Ponovno nekaj govori.
gap,nerazumljivo pregovarjanje
gap,Pregovarjanje
gap,"iz ozadja se sliši pregovarjanje med drugim tudi: ja meni ni jasno"" verjetno gospod Moge"
gap,"Pregovarjanje, govorjenje iz klopi."
gap,Pritožbe iz klopi.
gap,Prigovarjanje.
gap,Skupina ...
gap,Iz klopi.
gap,iz klopi
gap,Nekdo se oglasi iz dvorane - se ne sliši.
gap,oglašanje iz dvorane
gap,Tiho prigovarjanje.
gap,Iz klopi
gap,Vmes vprašuje Kopač iz klopi.
gap,Nekaj glasov iz klopi - se ne razume.
gap,Gros govori naprej.
gap,Gros govori naprej.
gap,Gros govori še naprej.
gap,Glas iz klopi - se ne razume.
gap,Medklic iz dvorane - se ne sliši.
gap,Glasovi iz dvorane.
gap,pripombe iz klopi
gap,Prekinitev na traku.
gap,Odgovori iz klopi.
gap,Nekdo govori iz klopi.
gap,Klic iz klopi.
gap,glas bi rad pojasnil - nekdo iz klopi
gap,Pripomba iz klopi.
gap,Pripomba iz klopi.
gap,Glasovi iz dvorane.
gap,Nekdo govori iz dvorane - se ne razloči.
gap,Govorjenje v dvorani - se ne razloči
gap,Dialog.
gap,....... iz klopi
gap,Govorjenje v dvorani.
gap,Nekdo govori iz klopi.
gap,Spet pripomba iz klopi.
gap,Iz klopi pripombe.
gap,Glas iz klopi - se ne razume.
gap,vmes nekdo iz klopi - se ne razume
gap,Nerazumljive besede.
gap,Iz klopi neka pripomba.
gap,Neka pripomba iz klopi.
gap,Pojasnilo iz dvorane - se ne sliši.
gap,Pojasnjevanja
gap,Nekdo se oglasi iz dvorane - se ne sliši
gap,Iz dvorane - se ne sliši
gap,Govorjenje v dvorani.
gap,Oglašanje iz dvorane
gap,"Oglašanje iz dvorane gospe Beblerjeve in gospoda Tomažiča, vendar se ne razloči."
gap,Govorjenje v dvorani.
gap,vprašanje iz klopi
gap,Govorjenje iz dvorane.
gap,Pogovarjanje.
gap,glasovi iz klopi
gap,Pripomba gospoda Pintarja.
gap,Govorjenje iz klopi
gap,nerazločno!
gap,Oglašanje iz dvorane - se ne sliši.
gap,Dialog.
gap,"Jaša Zlobec govori iz klopi in se ne razume, kaj govori."
gap,Zopet nekaj govori iz klopi.
gap,Dialog.
gap,Govori iz klopi in se ne sliši.
gap,Gospod Zlobec nekaj govori iz klopi.
gap,Nekdo se oglasi iz dvorane - se ne sliši.
gap,Dialog.
gap,Govorjenje v dvorani.
gap,Pripombe iz klopi.
gap,Pripombe.
gap,Pripombe iz klopi.
gap,Pripombe.
gap,Pripombe.
gap,Pripombe.
gap,Dialog.
gap,Dialog.
gap,Dialog.
gap,dialog
gap,Dialog.
gap,Dialog.
gap,Dogovarjanje.
gap,Nekdo ima pripombo iz klopi.
gap,Nekdo ima pripombo iz klopi.
gap,Glas iz klopi - se ne razume.
gap,Glas iz klopi - se ne razume.
gap,Dialog.
gap,Dialog.
gap,Nekdo govori iz klopi.
gap,Pripomba iz klopi.
gap,Dialog.
gap,Delovno predsedstvo se tiho posvetuje med seboj.
gap,Pripombe iz klopi.
gap,Govori iz klopi in se ne sliši kaj govori.
gap,Glasovi iz klopi - se ne razume.
gap,Glasovi iz klopi.
gap,Glasovi iz klopi.
gap,Sekretar nekaj pojasni - se ne razloči.
gap,Iz klopi nekdo nekaj govori.
gap,Pripombe iz klopi.
gap,Pripombe iz klopi.
gap,oglašanje iz dvorane.
gap,reakcije v dvorani
gap,Nekdo nekaj govori iz klopi.
gap,Nekdo se oglasi iz dvorane - se ne sliši.
gap,Glasovi iz klopi - se ne razume.
gap,oglašanje iz dvorane
gap,Nemir v dvorani.
gap,Dialog.
gap,Dialog.
gap,Dialog.
gap,Pripomba iz klopi.
gap,Dialog.
gap,Dialog.
gap,Dialog.
gap,Dialog.
gap,govorjenje iz klopi
gap,Govorjenje iz klopi.
gap,govorjenje iz klopi
gap,Tiho se posvetujejo med seboj.
gap,nekdo se oglasi iz dvorane - se ne razloči
gap,"Replika iz dvorane, se ne sliši."
gap,Glas iz klopi: ..javno
gap,Glas iz klopi - se ne razume.
gap,Glas iz klopi - se ne razume.
gap,Po kratkem posvetovanju sejo vodi podpredsednik Bogo Rogina.
gap,dr. Buser se oglaša iz dvorane
gap,Pogovor iz dvorane
gap,Glas iz klopi - se ne razume
gap,Glas iz klopi - se ne razume.
gap,Diskusija iz klopi.
gap,Glas iz klopi - se ne razume.
gap,Glas iz klopi - se ne razume.
gap,"Nekdo se oglasi iz dvorane - se ne sliši - verjetno želi, da se navede ime tega."
gap,Oglašanje iz dvorane - se ne razloči
gap,Nekdo se oglasi iz dvorane - ni vključen
gap,Glas iz klopi - se ne razume.
gap,Glas iz klopi - se ne razume.
gap,Reakcija iz dvorane - se ne razloči.
gap,Oglašanje iz dvorane - se ne razloči.
gap,Vprašanje iz klopi.
gap,Jaša L. Zlobec govori iz klopi.
gap,Jaša L. Zlobec ponovno iz klopi.
gap,Pripomba iz klopi.
gap,Glas iz klopi - se ne razume.
gap,G. Kolešnik se oglasi iz dvorane - se ne sliši.
gap,Pripombe iz klopi.
gap,Pripombe iz klopi.
gap,Ponovno pripomba iz klopi.
gap,dogovarjanje v delovnem predsedstvu
gap,Pripomba iz klopi - se ne sliši.
gap,"Oglašanje iz dvorane v zvezi s tem, češ da takrat, ko je bila 49. seja, tega teksta še ni bilo."
gap,Pripomba iz klopi.
gap,govorjenje iz klopi.
gap,govorjenje iz klopi.
gap,Govorjenje iz klopi.
gap,Govorjenje iz klopi.
gap,Govorjenje iz klopi.
gap,Dogovarjanje oziroma izmenjava mnenj glede tega.
gap,dialog.
gap,Dialog.
gap,Dialog.
gap,Dialog.
gap,Dialog.
gap,dialog
gap,"Dialog, pripombe iz klopi."
gap,Govorjenje v dvorani glede nadaljnjega dela zbora.
gap,Glas iz klopi - se ne razume.
gap,nekdo govori
gap,Nekdo nekaj govori iz klopi.
gap,dogovarjanje v delovnem predsedstvu.
gap,Glasovi iz klopi - se ne razume.
gap,Glas iz klopi - se ne razume.
gap,Glasovi iz klopi - se ne razume.
gap,Dr. Glavič iz dvorane; nerazumljivo.
gap,Glasovi iz dvorane.
gap,Pripombe iz dvorane.
gap,Glas iz klopi - se ne razume.
gap,Glas iz klopi - ne razume se.
gap,Medklic iz dvorane.
gap,Vmes nekdo sprašuje - ne razume se.
gap,Iz klopi - ne sliši se.
gap,iz dvorane - se ne sliši
gap,Oglašanje iz dvorane - se ne sliši.
gap,"iz klopi, se ne razloči"
gap,Školč iz dvorane - se ne razloči
gap,Dr. Buser se oglaša iz dvorane - se ne razume.
gap,"razno govorjenje in vprašanja iz dvorane, povezana s tem - se ne razloči"
gap,Govorjenje v dvorani.
gap,"A.Tomažič odgovarja iz dvorane, se ne sliši."
gap,Govorjenje v dvorani!
gap,Govorjenje v dvorani.
gap,Govorjenje v dvorani.
gap,Medklic iz dvorane.
gap,Medklic iz dvorane.
gap,Glas iz klopi - ne razume se.
gap,"Starmanov glas iz klopi, vendar se ne razume."
gap,Medklic iz dvorane.
gap,Medklic.
gap,Medklic iz dvorane.
gap,Medklic.
gap,Medklic.
gap,medklic
gap,Govorjenje iz klopi.
gap,Govorjenje iz klopi.
gap,Govorjenje v dvorani - se ne razume.
gap,"Čakajo, da se zbere dovolj poslancev."
gap,Glas - se ne razume.
gap,Gospod Stanko Buser iz dvorane - nerazumljivo.
gap,Glas iz klopi - se ne razume.
gap,Nekdo se oglasi iz dvorane za repliko - se ne sliši.
gap,Glasovi iz klopi - ne razume se.
gap,Glas iz klopi - ne razume se.
gap,Glas iz klopi - ne razume se.
gap,Iz dvorane nerazločno.
gap,Posvetovanje v predsedstvu.
gap,Govorjenje v dvorani.
gap,Posvetovanje in dogovarjanje v delovnem predsedstvu.
gap,Posvetovanje in dogovarjanje v delovnem predsedstvu.
gap,Pregovarjanje v delovnem predsedstvu.
gap,Trak za trenutek prekinjen.
gap,Trak ponovno prekinjen za trenutek.
gap,Pripombe iz klopi.
gap,Nekdo nekaj govori.
gap,Nekdo nekaj govori.
gap,Nekdo iz klopi
gap,Pripombe iz klopi.
gap,Pripombe iz klopi.
gap,iz klopi
gap,Pripombe iz klopi.
gap,Govori Stanko Buser iz klopi - se ne razume.
gap,glasovi iz dvorane
gap,Pripomba iz klopi.
gap,Oglašanje iz dvorane - se ne sliši.
gap,Pripomba iz klopi.
gap,Iz klopi - se ne razume.
gap,Vmes tiho razlaga podpredsednik Peršak.
gap,Nekdo iz klopi - se ne razume.
gap,Nekdo govori nevključen - se ne razume.
gap,Iz dvorane nekdo govori.
gap,Glas iz klopi - se ne razume.
gap,Iz klopi nekdo govori.
gap,Iz klopi nerazumljivo.
gap,pripomba iz dvorane
gap,Pripomba iz klopi.
gap,Pripombe iz klopi.
gap,Pripomba iz klopi.
gap,Pripomba iz klopi.
gap,Predsednik: Se opravičuje.
gap,Pripombe iz klopi.
gap,Glas iz klopi - se ne razume.
gap,Glas iz klopi - se ne razume.
gap,Glas iz klopi - se ne razume.
gap,Odgovor iz klopi - se ne sliši.
gap,Iz klopi govori Školč - se ne razume.
gap,Emil Milan Pintar - se ne razume.
gap,Predlaganje iz dvorane.
gap,nerazumljive besede
gap,Nekdo nekaj govori iz klopi.
gap,Pripombe iz klopi.
gap,Pripombe iz dvorane.
gap,Oglašanje iz dvorane - se ne sliši.
gap,Nerazumljive beesede.
gap,Nekdo govori iz klopi.
gap,Nekdo govori iz klopi.
gap,nekdo govori iz klopi
gap,Pripombe iz klopi.
gap,se ne sliši
gap,Pripomba iz klopi.
gap,Odgovor iz dvorane - se ne sliši
gap,Oglašanje iz dvorane.
gap,Pripomba iz klopi.
gap,Pripomba iz klopi.
gap,Pripomba iz klopi.
gap,Glasovi iz klopi - ne razume se.
gap,nekaj iz klopi
gap,Oglašanje iz dvorane - se ne sliši.
gap,Govorjenje v dvorani.
gap,Oglašanje iz dvorane - se ne sliši
gap,"Iz klopi govorijo: Gros, Schwarzbartl, Štefančič, Božič."
gap,Oglašanje iz dvorane.
gap,Oglašanje iz dvorane.
gap,Oglašanje iz dvorane - se ne sliši.
gap,Oglašanje iz dvorane - se ne sliši.
gap,nerazumljive besede
gap,Nekdo govori iz klopi.
gap,"Dvignite roko, gospod Mak premišljuje in koleba."
gap,Glasovi iz klopi.
gap,Glas iz klopi - se ne razume.
gap,Nekdo govori iz klopi.
gap,nekdo govori iz klopi
gap,oglašanje iz dvorane - se ne razloči
gap,Glas iz klopi - ne razume se.
gap,Glas iz klopi - se ne razume.
gap,Pripomba iz klopi.
gap,Pripomba iz klopi.
gap,Pripombe iz klopi.
gap,Pripombe iz klopi.
gap,Pripomba iz klopi.
gap,Pripomba iz klopi.
gap,Pripomba iz klopi.
gap,Nekdo govori iz klopi
gap,Nekdo govori iz klopi.
gap,Pripombe iz klopi.
gap,Nekdo govori.
gap,Nekdo govori iz klopi in se ne sliši.
gap,Nekdo govori iz klopi in se ne sliši dobro.
gap,Nekdo govori in se ne razume.
gap,Gospod Valentinčič nekaj govori iz klopi.
gap,Zopet nekaj govori.
gap,Zopet nekaj govori.
gap,Zopet nekdo nekaj govori.
gap,zopet nekdo govori
gap,Govor iz klopi.
gap,Govor iz klopi.
gap,Govor iz klopi.
gap,Nekdo govori iz klopi.
gap,Nekaj govori.
gap,Nekaj govori iz klopi.
gap,nerazumljive besede
gap,Govorjenje iz klopi.
gap,V klopeh govorijo.
gap,V klopeh govorijo.
gap,Nekdo govori.
gap,Nekdo govori.
gap,Nekdo govori iz klopi in se ne razume.
gap,Nekdo govori.
gap,Pripombe iz klopi.
gap,Govorijo ostali v klopi.
gap,zopet govorijo iz klopi
gap,Nekdo govori.
gap,Nekaj govori iz klopi.
gap,Veliko govorijo v klopeh.
gap,Nekdo govori iz klopi.
gap,Nekdo govori iz klopi.
gap,Glas iz klopi.
gap,Govorijo v klopeh.
gap,Pripombe iz klopi.
gap,Nekdo govori.
gap,Pripombe.
gap,Pripombe iz klopi.
gap,Pripomba iz klopi.
gap,Pripombe.
gap,Čakajo.
gap,Glasovi iz klopi - se ne razume.
gap,Tiho posvetovanje.
gap,Glas iz klopi - se ne razume.
gap,Govori iz klopi - se ne razume.
gap,Pripombe iz klopi.
gap,Pripomba iz klopi.
gap,Dogovarjanje.
gap,Govorjenje.
gap,Pripomba iz klopi.
gap,Nekdo govori iz klopi in se ne razume.
gap,Nekdo govori iz klopi.
gap,Govornik Borut Razdevšek - poročevalec delovne skupine k 4. točki dnevnega reda ni bil posnet.
gap,Govor iz klopi - se ne sliši.
gap,govorjenje v dvorani
gap,Pripombe iz klopi.
gap,Govorjenje v dvorani - se ne razloči.
gap,Nekdo nekaj govori.
gap,Pripombe iz klopi.
gap,Pripomba iz klopi.
gap,Zopet pripombe iz klopi.
gap,reakcije iz dvorane - se ne razloči
gap,Pripomba.
gap,Nekdo nekaj govori.
gap,Nekdo nekaj govori.
gap,Pripomba iz dvorane.
gap,Pripombe iz klopi.
gap,Pripombe iz klopi.
gap,Govorijo iz klopi.
gap,Pripomba iz klopi.
gap,Reakcije v dvorani - se ne razloči
gap,Se oglasi iz dvorane - se ne sliši
gap,Dogovarjanje v delovnem predsedstvu
gap,Dogovarjanje v zboru o prejetih amandmajih.
gap,Govorjenje v dvorani.
gap,Iz dvorane različna mnenja.
gap,Govorjenje v dvorani.
gap,Nekdo se oglasi iz dvorane - se ne sliši.
gap,Dogovarjanje in razčiščevanje v delovnem predsedstvu.
gap,Oglašanje iz dvorane - se ne sliši.
gap,Nekdo se oglasi - se ne sliši.
gap,Govorjenje v dvorani - se ne razloči.
gap,Pripombe iz klopi.
gap,Nekdo iz dvorane - se ne razume.
gap,Nekdo iz dvorane - se ne sliši.
gap,Nekdo iz dvorane - se ne razume.
gap,Pripombe iz dvorane - se ne sliši.
gap,Čakajo in se v klopeh pogovarjajo.
gap,Govorjenje iz klopi - se ne razume.
gap,Oglašanje iz dvorane.
gap,Oglašanje iz dvorane.
gap,Oglašanje iz dvorane.
gap,Oglašanje iz dvorane.
gap,Ivan Tomše iz dvorane - se ne sliši
gap,"Odgovarja iz dvorane, da ne, ampak ustno - se ne sliši vsega."
gap,Odgovor se ne sliši.
gap,Pripombe iz klopi
gap,Pripomba iz klopi.
gap,Glas iz klopi - se ne razume.
gap,Glas iz klopi - se ne razume.
gap,Pripomba predsednika.
gap,Nekdo govori.
gap,Nekdo nekaj govori iz klopi.
gap,Nekdo govori iz klopi.
gap,Pripombe.
gap,Pripombe
gap,Oglašanje iz dvorane - se ne sliši.
gap,Pripombe.
gap,nekdo govori iz klopi
gap,Nekdo zopet govori iz klopi.
gap,Pripomba.
gap,Pripombe iz klopi.
gap,govorijo v delovnem predsedstvu in se ne razume govornika
gap,Pripombe iz klopi.
gap,Govorjenje v delovnem predsedstvu.
gap,"govori iz dvorane, ni vključen - se zelo slabo sliši."
gap,Govorjenje.
gap,Govorjenje v dvorani.
gap,Glas iz klopi - se ne razume.
gap,nerazumljive besede
gap,Govor iz klopi.
gap,pripombe iz klopi.
gap,Pripombe.
gap,pripombe iz klopi
gap,pripombe
gap,pripombe iz klopi
gap,Zopet pripombe iz klopi.
gap,nekdo se oglasi iz dvorane - se ne razloči
gap,nekdo se oglasi iz dvorane - se ne razloči
gap,Glas iz klopi - ne razume se.
gap,Nekdo iz klopi - ne razume se.
gap,Glas iz klopi - ne razume se.
gap,Nekdo nekaj govori iz klopi.
gap,Pripombe iz klopi.
gap,Pripombe iz klopi.
gap,Pripombe iz klopi.
gap,Pripombe iz klopi.
gap,Pripomba iz klopi.
gap,Glasovi iz klopi - se ne razume.
gap,pripombe iz klopi glede glasovanja
gap,Pripoveduje iz klopi.
gap,Nekdo govori iz klopi.
gap,se skoraj ne razume:
gap,Spet govori isti - se ne razume.
incident,Aplavz.
incident,Aplavz.
incident,Aplavz.
incident,Smeh.
incident,Aplavz.
incident,Smeh v dvorani.
incident,Smeh v dvorani.
incident,Aplavz.
incident,Aplavz.
incident,Pripombe iz dvorane.
incident,Krajša prekinitev seje zaradi čakanja na rezultate glasovanja o poslovniku v Zboru občin.
incident,Ciril Kolešnik iz dvorane.
incident,Glasovi iz dvorane - ne sliši se.
incident,Aplavz.
incident,Aplavz.
incident,Aplavz.
incident,Aplavz.
incident,Aplavz.
incident,Med klic:
incident,"Aplavz in žvižgi v dvorani. Pripombe prisotnih: ""Ven ga vrzi. Fuj!"
incident,Aplavz.
incident,Glas iz dvorane:
incident,Aplavz.
incident,Gromovit aplavz.
incident,Aplavz.
incident,Smeh v dvorani.
incident,Aplavz.
incident,Klic iz dvorane: Bravo. Aplavz.
incident,Aplavz.
incident,Glas iz klopi:
incident,Buren aplavz.
incident,Aplavz.
incident,vmes se gospod Potrč javlja k besedi
incident,iz klopi
incident,Aplavz.
incident,Splošno govorjenje v dvorani.
incident,Vmešavanje iz dvorane.
incident,Glasovi iz dvorane: Nismo sklepčni.
incident,Glasovi iz dvorane - nerazločno
incident,"2, 3 zapuščajo dvorano!"
incident,Ploskanje.
incident,Hrup v dvorani.
incident,Glas iz dvorane.
incident,Glas iz dvorane
incident,Bučar govori iz ozadja in se ga ne razume
incident,Aplavz v dvorani. Nekdo tolče po klopi.
incident,hrup v dvorani
incident,Aplavz
incident,Govorjenje iz dvorane.
incident,Ploskanje in smeh v dvorani.
incident,Aplavz.
incident,Aplavz v dvorani.
incident,Smeh v dvorani.
incident,V dvorani je nekaj protestov.
incident,Ugovor iz dvorane.
incident,nemir v dvorani
incident,razburjenje v dvorani
incident,Zopet nek protest iz klopi.
incident,Zopet protest iz klopi.
incident,govorjenje in nemir v klopeh
incident,Protest iz klopi zaradi glasovanja.
incident,Nekdo govori iz klopi.
incident,Protest iz klopi.
incident,Nemir v dvorani.
incident,reakcija v dvorani
incident,"Reakcije, ugovori iz dvorane"
incident,Ugovor.
incident,Nemir v dvorani.
incident,Nekdo protestira iz klopi.
incident,"Iz klopi protestirajo, da je to proceduralno vprašanje."
incident,nemir v dvorani
incident,reakcije iz dvorane
incident,reakcije v dvorani
incident,Iz dvorane protestirajo.
incident,Protestirajo iz dvorane.
incident,Nemir v dvorani.
incident,Nekdo protestira.
incident,Zopet protestira.
incident,Zopet protest.
incident,Nekdo protestira iz dvorane zaradi razprave.
incident,protesti.
incident,nemir v dvorani
incident,Nemir v dvorani.
incident,Nemir in reakcije v dvorani
incident,Ugovori in nemir
incident,Govorjenje in nemir v dvorani!
incident,Ugovori iz dvorane.
incident,"Reakcije v dvorani, nemir - se ne razloči."
incident,Nemir v dvorani.
incident,govorjenje in nemir iz dvorane.
incident,Hrup v dvorani.
incident,"Nemir v dvorani in razpravljalec V. Gros prosi za mir, zato podpredsednik J. Lukač opozori poslance, da razprava še teče."
incident,Nemir in glasovi v klopeh.
incident,Nemir in govorjenje v dvorani.
incident,Nemir v dvorani!
incident,nemir v dvorani
incident,Jaza L. Zlobec reagira. Predsednik ga miri.
kinesic,Podpiše
kinesic,Markeževa je naknadno dvignila karton.
kinesic,nekdo trka po mikrofonu
kinesic,eden odhaja
kinesic,Sešteva.
kinesic,trka po govorniškem odru
kinesic,Gospod Potočnik gre!
kinesic,pride z zamudo
kinesic,Poslanci molče vstanejo.
kinesic,Pozvoni.
kinesic,"preneha, ne tu gre!"
kinesic,gong
kinesic,Šteje.
kinesic,"Nevenka kima, da lahko."
kinesic,Odide na svoje predsedniško mesto.
vocal,Aplavz.
vocal,Aplavz.
vocal,Aplavz.
vocal,Ploskanje.
vocal,aplavz
vocal,Aplavz.
vocal,Aplavz.
vocal,Aplavz.
vocal,Aplavz.
vocal,Aplavz.
vocal,Aplavz.
vocal,Ploskanje.
vocal,Aplavz.
vocal,Aplavz.
vocal,Aplavz.
vocal,Aplavz.
vocal,Aplavz.
vocal,Aplavz.
vocal,Aplavz.
vocal,Aplavz.
vocal,Aplavz.
vocal,Smeh.
vocal,Smeh.
vocal,Aplavz.
vocal,Aplavz.
vocal,Aplavz.
vocal,Aplavz.
vocal,Aplavz.
vocal,Aplavz.
vocal,Aplavz.
vocal,Aplavz.
vocal,Aplavz.
vocal,Aplavz.
vocal,Aplavz.
vocal,Aplavz.
vocal,Aplavz.
vocal,Aplavz.
vocal,Aplavz.
vocal,Aplavz.
vocal,Aplavz.
vocal,Aplavz.
vocal,Aplavz.
vocal,Aplavz.
vocal,Aplavz.
vocal,Aplavz.
vocal,Aplavz.
vocal,Delegati zapojejo himno.
vocal,Aplavz.
vocal,Aplavz.
vocal,Aplavz.
vocal,aplavz
vocal,aplavz
vocal,aplavz
vocal,aplavz
vocal,aplavz
vocal,Aplavz.
vocal,Aplavz.
vocal,Aplavz.
vocal,Aplavz.
vocal,Ploskanje.
vocal,Aplavz.
vocal,Aplavz.
vocal,Aplavz.
vocal,Aplavz.
vocal,aplavz.
vocal,Aplavz.
vocal,Aplavz.
vocal,Aplavz.
vocal,Ploskanje.
vocal,Ploskanje.
vocal,Ploskanje.
vocal,Ploskanje.
vocal,Ploskanje.
vocal,Ploskanje.
vocal,Ploskanje.
vocal,Ploskanje.
vocal,Ploskanje.
vocal,Ploskanje.
vocal,Ploskanje.
vocal,Ploskanje.
vocal,Ploskanje.
vocal,Ploskanje.
vocal,Ploskanje.
vocal,Ploskanje.
vocal,Ploskanje.
vocal,Ploskanje.
vocal,Ploskanje.
vocal,Aplavz.
vocal,Aplavz.
vocal,Smeh.
vocal,Aplavz.
vocal,Aplavz.
vocal,Aplavz.
vocal,Aplavz.
vocal,Aplavz.
vocal,Ploskanje.
vocal,Aplavz.
vocal,Aplavz v dvorani.
vocal,Aplavz.
vocal,Ploskanje.
vocal,Ploskanje.
vocal,Aplavz.
vocal,Aplavz.
vocal,Aplavz.
vocal,aplavz v dvorani
vocal,Aplavz.
vocal,Dolg aplavz.
vocal,Aplavz.
vocal,Aplavz.
vocal,Aplavz.
vocal,Aplavz.
vocal,Ploskanje.
vocal,Ploskanje.
vocal,Aplavz.
vocal,Aplavz!
vocal,Aplavz.
vocal,Aplavz.
vocal,aplavz
vocal,Aplavz.
vocal,Aplavz.
vocal,Aplavz.
vocal,smeh v dvorani
vocal,Ploskanje.
vocal,Ploskanje.
vocal,Aplavz.
vocal,Aplavz.
vocal,zopet nasmeh
vocal,Smeh.
vocal,Ploskanje.
vocal,Ploskanje.
vocal,Ploskanje.
vocal,Ploskanje
vocal,Ploskanje.
vocal,Aplavz.
vocal,Aplavz.
vocal,Aplavz.
vocal,Aplavz.
vocal,Aplavz.
vocal,Aplavz.
vocal,Aplavz.
vocal,Aplavz.
vocal,Aplavz.
vocal,Aplavz.
vocal,Aplavz.
vocal,Smeh v dvorani.
vocal,Aplavz.
vocal,Ploskanje.
vocal,Aplavz.
vocal,Aplavz.
vocal,Aplavz.
vocal,Ploskanje.
vocal,Aplavz
vocal,Smeh v dvorani
vocal,Aplavz.
vocal,Aplavz.
vocal,se nasmehne
vocal,Aplavz.
vocal,Ploskanje
vocal,Aplavz.
vocal,Aplavz.
vocal,Aplavz.
vocal,Pozdravni aplavz.
vocal,Velik aplavz.
vocal,Aplavz.
vocal,Ploskanje.
vocal,Ploskanje.
vocal,Aplavz.
vocal,Ploskanje.
vocal,ploskanje
vocal,Aplavz.
vocal,Ploskanje.
vocal,Ploskanje.
vocal,Aplavz.
vocal,Splošen smeh.
vocal,Aplavz.
vocal,Aplavz.
vocal,Aplavz.
vocal,Aplavz.
vocal,Aplavz.
vocal,Ploskanje.
vocal,Aplavz.
vocal,Aplavz.
vocal,Ploskanje.
vocal,dolgotrajen aplavz
vocal,Ploskanje
vocal,Smeh v dvorani.
vocal,aplavz.
vocal,aplavz.
vocal,Aplavz.
vocal,Ploskanje.
vocal,Ploskanje.
vocal,Aplavz.
vocal,Velik aplavz.
vocal,Aplavz.
vocal,Močan aplavz.
vocal,Aplavz.
vocal,Aplavz.
vocal,Ploskanje.
vocal,Aplavz
vocal,Aplavz
vocal,Aplavz.
vocal,Aplavz.
vocal,posmeh
vocal,posmeh
vocal,hahaha
vocal,Aplavz.
vocal,Aplavz.
vocal,Aplavz.
vocal,Aplavz.
vocal,Aplavz.
vocal,Ploskanje.
vocal,Ploskanje.
vocal,Smeh v dvorani.
vocal,Aplavz
vocal,Himna - Prešernova - aplavz
vocal,Aplavz.
vocal,Aplavz.
vocal,Aplavz.
vocal,Aplavz.
vocal,Smeh.
vocal,Smeh v dvorani.
vocal,Aplavz.
vocal,Aplavz.
vocal,Ploskanje.
vocal,Aplavz.
vocal,Aplavz.
vocal,Aplavz.
vocal,Aplavz.
vocal,Aplavz.
vocal,Smeh.
vocal,Smeh.
vocal,Aplavz.
vocal,Aplavz.
vocal,Ploskanje.
vocal,Ploskanje.
vocal,Smeh.
vocal,Aplavz.
vocal,Aplavz.
vocal,Aplavz.
vocal,Aplavz.
vocal,Smeh.
vocal,Aplavz.
vocal,Ploskanje.
vocal,Smeh.
vocal,Ploskanje.
vocal,Ploskanje.
vocal,Aplavz.
vocal,Smeh.
vocal,Ploskanje.
vocal,Ploskanje.
vocal,Ploskanje.
vocal,Aplavz.
vocal,Aplavz.
vocal,Aplavz.
vocal,Aplavz
vocal,Aplavz.
vocal,Aplavz.
vocal,smeh v dvorani
vocal,Smeh in aplavz
vocal,Smeh.
vocal,Smeh v dvorani.
vocal,smeh
vocal,Govorjenje v klopeh in smeh.
vocal,"Glasovi iz klopi, Ciril Kolešnik: Samo nekaj če lahko rečem. Ne, ne. Ne veste za kaj gre. Pa bi mogoče lahko vedeli. Jutri je praznik žena. V svojem imenu in, če lahko vseh moških, čestitam gospem in tovarišicam 8. marec. Hvala lepa. Aplavz."
vocal,Ploskanje.
vocal,Smeh v dvorani
vocal,Aplavz.
vocal,ploskanje
vocal,Smeh.
vocal,smeh
vocal,Aplavz.
vocal,Aplavz.
vocal,Aplavz.
vocal,Ploskanje
vocal,smeh
vocal,SMEH
vocal,Smeh
vocal,Aplavz.
vocal,Smeh.
vocal,Smeh v dvorani.
vocal,Ploskanje
vocal,Ploskanje.
vocal,Ploskanje.
vocal,Ploskanje.
vocal,Smeh.
vocal,Smeh v dvorani.
vocal,Smeh in ploskanje v dvorani.
vocal,Aplavz.
vocal,Smeh v dvorani.
vocal,Smeh v dvorani.
vocal,ploskanje
vocal,Smeh.
vocal,Ploskanje.
vocal,Nekdo je nekaj pripomnil iz klopi in delegati se smejejo.
vocal,zadržuje smeh
vocal,Smeh.
vocal,Smeh.
vocal,Ploskanje.
vocal,Smeh v dvorani.
vocal,smeh v dvorani
vocal,ploskanje v dvorani
vocal,Aplavz.
vocal,Aplavz.
vocal,Hrup in smeh.
vocal,Ploskanje v dvorani.
vocal,Smeh v dvorani.
vocal,Ploskanje
vocal,Smeh v dvorani.
vocal,Ploskanje v dvorani.
vocal,Aplavz.
vocal,smeh iz dvorane
vocal,Ploskanje v dvorani.
vocal,smeh
vocal,Aplavz in smeh.
vocal,Ploskanje.
vocal,Aplavz.
vocal,Aplavz.
vocal,Smeh.
vocal,Smeh v dvorani.
vocal,smeh v dvorani
vocal,Aplavz.
vocal,Smeh.
vocal,Aplavz.
vocal,Aplavz.
vocal,Smeh v dvorani.
vocal,Aplavz.
vocal,Smeh.
vocal,se smeje
vocal,Aplavz.
vocal,Ploskanje.
vocal,Smeh v dvorani.
vocal,Smeh v dvorani.
vocal,Aplavz v dvorani.
vocal,Ploskanje v dvorani.
vocal,Aplavz.
vocal,ploskanje
vocal,Ploskanje.
vocal,Smeh.
vocal,Ploskanje
vocal,ploskanje
vocal,Ploskanje.
vocal,ploskanje
vocal,ploskanje
vocal,aplavz
vocal,Ploskanje
vocal,Aplavz.
vocal,Majhno ploskanje.
vocal,Smeh v dvorani.
vocal,Smeh v dvorani.
vocal,Smeh v dvorani.
vocal,Še večji smeh.
vocal,Ploskanje
vocal,Ploskanje.
vocal,Močan aplavz.
vocal,Aplavz.
vocal,Aplavz.
vocal,smeh
vocal,Smeh
vocal,Smeh.
vocal,Ploskanje.
vocal,Ploskanje
vocal,Aplavz.
vocal,Aplavz.
vocal,Smeh iz dvorane
vocal,Smeh iz dvorane
vocal,Ploskanje.
vocal,Aplavz.
vocal,Aplavz.
vocal,Aplavz.
vocal,Ploskanje.
vocal,Aplavz.
vocal,Aplavz.
vocal,Aplavz.
vocal,Aplavz.
vocal,Aplavz.
vocal,Aplavz.
vocal,Ploskanje.
vocal,Ploskanje
vocal,Aplavz.
vocal,Aplavz.
vocal,Aplavz.
vocal,Aplavz.
vocal,Aplavz.
vocal,Aplavz.
vocal,Aplavz.
vocal,Aplavz.
vocal,Ploskanje.
vocal,Ploskanje.
vocal,Aplavz.
vocal,Aplavz.
vocal,Aplavz.
vocal,Aplavz.
vocal,Aplavz
vocal,Aplavz.
vocal,Aplavz
vocal,Aplavz.
vocal,Aplavz.
vocal,Aplavz.
vocal,Ploskanje
vocal,Aplavz.
vocal,Ploskanje
vocal,Aplavz.
vocal,Aplavz.
vocal,Aplavz.
vocal,Aplavz.
vocal,Aplavz.
vocal,Aplavz.
vocal,Aplavz.
vocal,Aplavz.
vocal,Smeh v dvorani
vocal,Smeh v dvorani.
vocal,Ploskanje.
vocal,Smeh v dvorani.
vocal,Smeh v dvorani.
vocal,Smeh v dvorani in ploskanje.
vocal,Smeh v dvorani.
vocal,Aplavz.
vocal,Smeh.
vocal,smeh
vocal,Smeh.
vocal,ploskanje
vocal,Aplavz.
vocal,Smeh v dvorani.
vocal,Smeh.
vocal,Smeh.
vocal,Ploskanje
vocal,Glas in smeh iz klopi.
vocal,Smeh v dvorani.
vocal,Ploskanje.
vocal,Aplavz
vocal,malo počakajte
vocal,Smeh in govorjenje iz klopi.
vocal,Smeh v dvorani.
vocal,smeh
vocal,Aplavz.
vocal,Aplavz.
vocal,Aplavz.
vocal,Ploskanje v dvorani.
vocal,"Smeh, ploskanje."
vocal,Smeh v dvorani.
vocal,Smeh.
vocal,Smeh.
vocal,Aplavz.
vocal,smeh iz klopi
vocal,Ploskanje.
vocal,Ploskanje v dvorani.
vocal,Smeh.
vocal,Smeh.
vocal,Smeh.
vocal,smeh v dvorani.
vocal,smeh v dvorani.
vocal,Ploskanje.
vocal,Ploskanje.
vocal,Smeh in pripomba predsednika.
vocal,Ploskanje in smeh
vocal,Aplavz.
vocal,Aplavz.
vocal,Smeh v dvorani.
vocal,Smeh v dvorani.
vocal,Glasovi iz dvorane in ploskanje.
vocal,Smeh iz klopi.
vocal,Ploskanje v dvorani.
vocal,Smeh v dvorani.
vocal,s smehom:
vocal,Smeh.
vocal,Smeh v dvorani.
vocal,Aplavz.
vocal,Smeh.
vocal,Ploskanje.
vocal,eden kašlja
vocal,Smeh.
vocal,Smeh.
vocal,Ploskanje.
vocal,Smeh
vocal,Smeh
vocal,Ploskanje.
vocal,Smeh.
vocal,Ploskanje.
vocal,smeh
vocal,Govorjenje in smeh iz klopi.
vocal,Smeh iz klopi.
vocal,Smeh.
vocal,Ploskanje v dvorani.
vocal,ploskanje
vocal,Ploskanje.
vocal,Ploskanje.
vocal,Aplavz.
vocal,Ploskanje.
vocal,ploskanje
vocal,Aplavz.
vocal,Smeh.
vocal,Aplavz.
vocal,Ploskanje.
vocal,Aplavz.
vocal,Ploskanje.
vocal,Ploskanje.
vocal,Ploskanje.
vocal,Ploskanje.
vocal,Aplavz.
vocal,Glasovi iz klopi in smeh.
vocal,Aplavz.
vocal,Rahlo ploskanje.
vocal,Ploskanje v dvorani.
vocal,Ploskanje.
vocal,Ploskanje.
vocal,ploskanje
vocal,Ploskanje.
vocal,Posmehovanje.
vocal,smeh
vocal,Smeh v dvorani.
vocal,Aplavz.
vocal,Aplavz.
vocal,smeh iz dvorane
vocal,smeh v dvorani
vocal,Smeh v dvorani.
vocal,Ploskanje.
vocal,Ploskanje.
vocal,Ploskanje.
vocal,Ploskanje.
vocal,Ploskanje.
vocal,ploskanje
vocal,Ploskanje.
vocal,Ploskanje.
vocal,smeh v klopeh
vocal,Aplavz.
vocal,smeh
vocal,Smeh.
vocal,Ploskanje.
vocal,Ploskanje.
vocal,Aplavz.
vocal,Aplavz.
vocal,rahlo ploskanje
vocal,Aplavz.
vocal,Aplavz.
vocal,Ploskanje.
vocal,Ploskanje.
vocal,Smeh v klopeh.
vocal,smeh
vocal,Ploskanje.
vocal,Smeh.
vocal,hahaha
vocal,Ploskanje.
vocal,Smeh.
vocal,Smeh
vocal,Aplavz.
vocal,Smeh in ploskanje.
vocal,Smeh v klopeh.
vocal,Aplavz.
vocal,Aplavz
vocal,Smeh v dvorani.
vocal,Aplavz.
vocal,Aplavz.
vocal,aplavz.
vocal,Smeh.
vocal,smeh
vocal,Aplavz
vocal,Aplavz.
vocal,aplavz
vocal,Smeh.
vocal,Ploskanje.
vocal,"Tudi mene, slišal sem smeh, to bo lep govor, ja."
vocal,Smeh.
vocal,Aplavz.
vocal,Aplavz.
vocal,Aplavz.
vocal,Aplavz.
vocal,Aplavz.
vocal,Aplavz.
vocal,Aplavz.
vocal,Smeh.
vocal,Smeh.
vocal,Aplavz.
vocal,Aplavz.
vocal,aplavz.
vocal,Ploskanje.
vocal,Smeh.
vocal,Smeh v klopeh.
vocal,Ploskanje.
vocal,Ploskanje v dvorani.
vocal,Ploskanje.
vocal,Ploskanje.
vocal,Ploskanje v dvorani.
vocal,Smeh.
vocal,ploskanje v dvorani in smeh
vocal,Nemir in smeh v dvorani.
vocal,aplavz
vocal,Aplavz.
vocal,Aplavz.
vocal,Aplavz.
vocal,smeh
vocal,smeh
vocal,smeh
vocal,smeh
vocal,Ploskanje.
vocal,Ploskanje.
vocal,Ploskanje.
vocal,Smeh in ploskanje.
vocal,Ploskanje.
vocal,smeh
vocal,smeh
vocal,ploskanje
vocal,Aplavz.
vocal,"Zelo, zelo glasen smeh"
vocal,Smeh v klopeh
vocal,Ploskanje v klopeh.
vocal,Ploskanje v dvorani.
vocal,smeh v klopeh
vocal,Aplavz
vocal,Ploskanje.
vocal,Smeh.
vocal,Smeh.
vocal,Ploskanje.
vocal,smeh
vocal,smeh v klopeh
vocal,Smeh v klopeh.
vocal,Smeh.
vocal,nemir in smeh v dvorani.
vocal,Smeh v dvorani.
vocal,Smeh v dvorani.
vocal,Smeh v dvorani.
vocal,Smeh.
vocal,Smeh.
vocal,Smeh v dvorani.
vocal,Aplavz.
vocal,Smeh v dvorani.
vocal,Smeh.
vocal,Smeh.
vocal,Smeh.
vocal,smeh
vocal,Smeh v klopeh.
vocal,Smeh.).
vocal,Smeh in ploskanje v klopeh.
vocal,manjše ploskanje
vocal,Smeh.
vocal,Smeh v dvorani.
vocal,Smeh.
vocal,ploskanje
vocal,Ploskanje.
vocal,Ploskanje.
vocal,smeh v dvorani
vocal,Aplavz.
vocal,Aplavz.
vocal,Smeh v klopeh.
vocal,reagiranje v dvorani - smeh
vocal,v drugem krogu ugotavljanja - smeh
vocal,Ploskanje.
vocal,Ploskanje in žvižganje v dvorani.
vocal,Ploskanje v dvorani.
vocal,Ploskanje v dvorani.
