1990-05-07-DruzPolZb-s001-01,16.119871279163316,"Ugotavljam, da je zaèasni poslovnik Skupšèine Republike Slovenije v tako predloženi obliki, z vsemi amandmaji, sprejet."
1990-05-07-ZbObc-s001-01,15.495575221238939,".. menim, da je sestava sprejemljiva, tako da bi predlagal, da damo na glasovanje tako sestavo.)... ."
1990-05-07-ZbZdruDel-s001-01,13.369030390738061,"Ugotavljam, da je amandma k 11. èlenu zaèasnega poslovnika sprejet z veèino glasov."
1990-05-08-DruzPolZb-s001-02,14.21654501216545,"Na koncu bi rekel še eno toèko prej, ko govorimo o projektu v Istri."
1990-05-08-VsiZbor-d001-01,11.29080118694362,"Sluèaj je, da imava z gospodom Danijelom Starmanom polovico istih volivcev."
1990-05-08-ZbObc-s001-02,13.904942965779467,Predlog zakona je v obravnavo predložil Zbor republik in pokrajin Skupšèine SFR Jugoslavije.
1990-05-08-ZbZdruDel-s001-02,16.621052631578948,"Èe ne želi nihèe veè razpravljati, zakljuèujem razpravo in dajem to poroèilo na glasovanje v celoti."
1990-05-09-VsiZbor-s001-01,15.970021413276232,"Torej, bo zelo kmalu nova seja in takrat lahko opravimo tudi glasovanje oziroma sprejmemo resolucijo."
1990-05-09-ZbObc-s001-03,13.228813559322035,"Ugotavlja, da je predlog za gospoda Lukaè Janeza opremljen s sedmimi podpisi delegatov."
1990-05-09-ZbZdruDel-s001-03,14.179487179487179,"Prosim, da podpredsednik Zbora združenega dela Bogo Rogina pristopi k mizi in podpiše izjavo."
1990-05-16-VsiZbor-s002-01,18.600675675675674,"Samo da se dopolni v smislu veè predlogov, ki smo jih slišali, zlasti dr. Ribièièa, Tomšièa in Jurija."
1990-06-13-DruzPolZb-s002-01,14.702917771883289,"Se pravi,èe to oceni predsednik Skupšèine in èe to oceni katerakoli od strank."
1990-06-13-VsiZbor-s003-01,10.42962962962963,S tem zakljuèujem skupno sejo in se zahvaljujem za udeležbo.
1990-06-13-ZbObc-s002-01,13.955089820359282,Sklep je pripravila delegacija na osnovi mnenja Izvršnega sveta in upoštevaje mnenje zbornice.
1990-06-13-ZbZdruDel-s002-01,18.119575253924285,"Sem zastopnik skupine poslancev, ki je to predlagala, tako da sem pripravljen zraven priti kot zastopnik te skupine."
1990-06-14-DruzPolZb-s002-02,17.40349110439745,"Medtem so prišli še trije odgovori, in sicer v zvezi z vprašanjem poslanskega kluba Slovenske kmeèke zveze."
1990-06-14-ZbObc-s002-02,16.294919454770756,"Prebral bom vse tri, da boste vedeli o èem glasujemo, potem pa bi jih posamièno sprejemali."
1990-06-14-ZbZdruDel-s002-02,18.349324324324325,"So pa ravno tako zelo moèno zdesetkani, v bistvu sploh ne vedo, ali so še sklepèni ali ne."
1990-07-02-DruzPolZb-s003-01,15.587126137841352,Uèinkovitost predelave tega mleka v naši predelovalni industriji pa je za dva do trikrat slabša.
1990-07-02-VsiZbor-s004-01,15.373526745240254,"Gre za to, da zdaj, po sprejemu deklaracije, sprejmemo dodatni sklep, ki izhaja iz deklaracije."
1990-07-02-VsiZbor-z002-01,24.438095238095237,"Amandma 56: Nesprejemljivo je ohranjanje kategorije ""delovnih ljudi"" v skupšèinskem sistemu, opredeljevanje mandata predstavnikov v skupšèinah in obveznost oblikovanja izvršilnih organov v Skupšèini SFRJ."
1990-07-02-ZbObc-s003-01,14.947647058823529,"Zahvaljujem se vam za udeležbo, zahvaljujem se vam, da ste vztrajali do tega trenutka."
1990-07-02-ZbZdruDel-s003-01,15.481698389458272,"Tako je objektivno nemogoèe pripraviti predlog do naslednje seje, ki bo èez dobrih 16 dni."
1990-07-13-VsiZbor-z001-01,20.98701298701299,"Naj poudarim, da se bo vlada že naslednji teden sestala z zvezno vlado, zato da zmanjšamo obremenitve s strani federacije."
1990-07-14-VsiZbor-z001-02,19.12,"Zato bomo ti informaciji poslušali skupaj, nakar bomo razpravo oziroma vse nadaljnje delo na to temo opravili v zborih."
1990-07-18-DruzPolZb-s004-01,17.047909816815405,"Spoštovani, na videz je ta predlog, ki velja sedaj kot glavni sprejemljiv, samo so seveda drugi problemi."
1990-07-18-VsiZbor-z003-01,21.25574712643678,"Jaz tukaj ne bi ob tej, bi rekel, najpomembnejši toèki zahajal naprej v komentar oziroma razlago posameznih podroèij znotraj programskih usmeritev."
1990-07-18-ZbObc-s004-01,16.007001647446458,"S tem pa ni reèeno, da o tem ne razmišljamo in da teh stvari ne pripravljamo."
1990-07-18-ZbZdruDel-s004-01,17.082506203473944,"Tudi èe bomo sprejeli nove sistemske zakone s podroèja družbenih dejavnosti, moramo seveda vse te anomalije odpraviti."
1990-07-19-DruzPolZb-s004-02,19.435158501440924,"Diskutiramo lahko na dolgo še po tem, po mesecu septembru tudi o tej stvari in še od drugih stvareh."
1990-07-19-VsiZbor-s005-01,12.721868365180468,Glasujemo o izvolitvi Janje Vreèiè za sodnico Temeljnega sodišèa v Novem mestu.
1990-07-19-ZbObc-s004-02,16.861499364675986,"Prosim, da ugotovimo stanje prisotnosti; normalno, da seje ne moremo brez kakršnegakoli razloga proglasiti za nesklepèno."
1990-07-19-ZbZdruDel-s004-02,17.638644918444164,"Pri nas imamo porabo mleka in mleènih proizvodov na prebivalca samo 200 litrov, v Švici 430 litrov."
1990-07-30-DruzPolZb-s004-03,17.00976290097629,"Predlagal bi, da poleg tega teksta, èe ima še kdo kakršenkoli amandma, da ga oblikuje in formulira."
1990-07-30-VsiZbor-s006-01,12.798913043478262,"Bi pa želel dati še eno obvestilo, torej izkorišèam paè to priložnost."
1990-07-30-ZbObc-s004-03,14.452341597796144,"Prehajamo na glasovanje o predlogu zakona za izdajo zakona, s predlogom zakona v celoti."
1990-07-30-ZbZdruDel-s004-03,18.29500756429652,"Èe gre za prvo varianto, potem bi najbrž bilo oportuno, da to zahteva veèina, paè veèji del zbora."
1990-07-31-DruzPolZb-s004-04,18.343917368018364,"Mislim, da je prav, da delegati najprej vložite pisne pobude, pa bi s tem za danes zakljuèil sejo."
1990-07-31-VsiZbor-z003-02,24.3125,"Ta sklepa sta nekoliko drugaèna kot ju imate tule zapisana, ker je na podlagi razprave, prej na seji Izvršnega sveta, prišlo do nekaterih sprememb."
1990-07-31-ZbObc-s004-04,15.643203883495145,"Komisija predlaga zborom, da ob doloèitvi osnutka ustavnih amandmajev 96 do 98 sprejmejo naslednji sklep:"
1990-07-31-ZbZdruDel-s004-04,17.10442477876106,"Je veliko bolj enostavno, da s temi odgovori sedaj pridejo, ker za to bodo potrebovali nekaj èasa."
1990-09-27-DruzPolZb-s005-01,16.320475995075913,"S tem zakljuèujem današnji del zasedanja, sejo nadaljujemo jutri po zakljuèku skupne seje oziroma skupnega zasedanja."
1990-09-27-ZbObc-s005-01,16.3574144486692,"Prosim, da te zelene kartone pustite na klopeh ali jih oddate tukaj, ker jih vedno zmanjka."
1990-09-27-ZbZdruDel-s005-01,18.540514775977122,"To se pravi, da je sklep z veèino glasov sprejet in mi bomo to nalogo naložili Izvršnemu svetu."
1990-09-28-VsiZbor-d002-01,18.83495145631068,"Kako naj bo produkt obrtnika izenaèen, èe mora plaèevati, recimo po stopnji 36 procentov, veèjo vrednost nabave materiala."
1990-09-28-VsiZbor-s007-01,18.916481069042316,"S tem ugotavljam, da je Emil Tomc, s 30. septembrom 1990, razrešen dolžnosti sodnika vrhovnega sodišèa Republike Slovenije."
1990-09-28-ZbZdruDel-s005-02,12.756521739130434,Kakor sem jaz to poslušal in sem dal že tukaj to storiti.
1990-10-04-DruzPolZb-s005-02,16.50646766169154,"Dajem ponovno pobudo, da Izvršni svet o mednarodni dejavnosti redno obvešèa skupšèinsko Komisijo za mednarodne odnose."
1990-10-04-VsiZbor-d002-02,18.225490196078432,"Vprašanje je predvsem težko rešljivo, kar smo opazili v proceduri pri kmetih, kjer bo treba stvari sistematsko rešiti."
1990-10-04-VsiZbor-s008-01,18.65695792880259,"Jaz mislim, da ne bi niti o tej stvari razpravljali, ker mislim, da je to pravzaprav samo informacija."
1990-10-04-ZbObc-s005-02,14.913816689466485,"Žal ga ne moremo in ne smemo odstaviti, ker bi lahko bilo še slabše."
1990-10-04-ZbZdruDel-s006-01,19.60488798370672,"Rešitev je možno iskati predvsem v treh smereh: prostovoljno zavarovanje v èasu študija, to je možno za prehodne generacije."
1990-10-12-DruzPolZb-s006-01,18.104075691411936,"Drugi sklep bi dali potem še najbrž v razpravo, zato predlagam, da zdaj glasujemo najprej o prvem sklepu."
1990-10-12-VsiZbor-z004-01,26.28048780487805,"Nepoznanih odgovorov zato ne moremo vgrajevati kot ideološke komponente v ustavni sistem, tako kot je to doslej na netoènih izhodišèih in domnevah uveljavljal realsocialistièni sistem."
1990-10-12-ZbObc-s006-01,17.744421906693713,"Ta sklep je eno splošno priporoèilo v zvezi s problematiko, ki bo aktualna praktièno po sprejemu ustave."
1990-10-12-ZbZdruDel-s007-01,16.217257318952235,"Tako, da tu gre za obojestransko sodelovanje, tako da bi bilo to seveda tudi v redu."
1990-10-25-DruzPolZb-s007-01,19.83384805435454,"Opozoril bi vas rad na notorièno dejstvo, da po devetih urah nismo sprejeli niti enega akta, niti enega zakona."
1990-10-25-VsiZbor-s009-01,15.744336569579287,Na glasovanje dajem predlog za razrešitev Igorja Trebca sodnika Temeljnega sodišèa v Kopru z 31.10.1990.
1990-10-25-ZbObc-s007-01,17.515783540022547,"Menim, da so bile razprave vse utemeljene, in da smo prišli do toèke, ko se moramo odloèiti."
1990-10-25-ZbZdruDel-s008-01,17.626358695652176,"Predlagam naslednje: ker gre v mojem primeru za prvih šest sklepov, ki so verjetno sprejemljivi za vse."
1990-10-30-DruzPolZb-s007-02,20.08877407233443,"Ta ugovor je sedaj brezpredmeten, ampak morda se kakšni poslanci tukaj èutijo državne funkcionarje, ampak ne zaradi svoje poslanske funkcije."
1990-10-30-ZbObc-s007-02,17.970155527532576,"Torej gospod Glaviè vi predlagate, da bi novo toèko o obravnavi tiste informacije, ki bi bila dana."
1990-10-30-ZbZdruDel-s008-02,17.730474732006126,"Mislim, da se vam lahko zahvalim za uspešno in kvalitetno delo, kljub spodrsljajem, ki sem jih delal."
1990-11-08-DruzPolZb-s007-03,17.365650969529085,"Mi pa nimamo suverene države z narodno banko, ki bi na podlagi zakona taka jamstva (takoj?) prevzemala."
1990-11-08-VsiZbor-d003-01,12.395348837209303,"Bil sem zgrožen, ker takšnih prizorov že leta in leta nisem videl."
1990-11-08-VsiZbor-z005-01,19.840579710144926,"Razmere so na posameznih objektih v dokajšnji meri že urejene, na drugih pa bo potreben še nekoliko daljši èas."
1990-11-08-ZbObc-s007-03,16.177645788336932,"Torej, èe odštejemo gozdove in RTV, to je zakon, TOÈKA DANES UVRŠÈENA V ZVEZI S POPLAVAMI."
1990-11-08-ZbZdruDel-s009-01,16.61381074168798,Torej smo se na tak naèin kar dobro že uskladili o dveh zadevah v republiški skupšèini.
1990-11-20-DruzPolZb-s008-01,17.50440917107584,"Pristojni organ je dolžan razrešiti direktorja, èe to zahteva ustanovitelj oziroma organ, ki daje soglasje k imenovanju""."
1990-11-20-VsiZbor-d003-02,15.323529411764707,"Samo jaz sem slišala, da je predsednik Buèar rekel: ""Odvzemam mu besedo, odvzemam mu besedo."""
1990-11-20-VsiZbor-z006-01,19.470588235294116,"Pridružujem se tistim, ki pravijo, da najbrž ni res, da v preteklosti na tem podroèju ni bilo nièesar storjeno."
1990-11-20-ZbObc-s008-01,16.454545454545453,"Predlagam, da to pripombo zabeležite ter ob pripravi predloga zakona preuèimo in se do nje opredelimo."
1990-11-20-ZbZdruDel-s010-01,19.256323777403036,"Vendar, ne glede na to, zakonodajalca je treba paè v tolikšni meri razumeti, da zakon ne sme nièesar prepreèevati."
1990-11-21-DruzPolZb-s008-02,18.585097375105843,"In ko govorimo o perfektnih ljudeh, dobrih in preverjenih poslovnikih, teh pa sedaj manjka in to je tisto."
1990-11-21-VsiZbor-s010-01,19.80609695152424,"Zato ni nobenega razloga, sedaj še posebej ne, ker so stvari toliko bolj zaostrene, da tega ne bi uredili."
1990-11-21-ZbObc-s008-02,18.176882661996498,"Zato menim, da je vsak kooperant, kjerkoli je bil, je upravièen do udeležbe pri razdeljevanju premoženja te tovarne."
1990-11-21-ZbZdruDel-s010-02,20.903253424657535,"Predlagamo, da država z vrednostnimi papirji od banke odkupi kredite podjetja, in bi s tem tudi država postala solastnik podjetja."
1990-11-27-DruzPolZb-s008-03,15.482284505552618,"Komisija za usklajevanje je ugotovila, da je vse usklajeno, vseeno zakljuèujem 8. sejo Družbenopolitiènega zbora."
1990-11-27-VsiZbor-s010-02,9.330882352941176,"Èe nihèe ne predlaga tajnega glasovanja, bomo glasovali javno."
1990-11-27-ZbObc-s008-03,16.734919286321155,"Bojijo se tudi, da bodo možnosti oziroma, da bo starost za pokojnino podaljšana na 5 let."
1990-11-27-ZbZdruDel-s010-03,17.044797687861273,"In èe ne pridejo z usklajenim predlogom, da je potem tudi po vsej verjetnosti brezpredmetno skupno zasedanje."
1990-12-05-DruzPolZb-s009-01,17.463404255319148,"S tem bi mi zakljuèili, ker vodje delegatov èaka še drugi sestanek že nocoj ob 19 uri."
1990-12-05-ZbObc-s009-01,17.27865897620764,"Ker, èe primerjamo plaèe, po domaèe povedano, teh ljudi, mislim plaèe, potem moramo reèi, kaj bodo primerjali."
1990-12-05-ZbZdruDel-s011-01,17.72566371681416,Petiè. 15. èlen osnutka zakona opredeljuje vprašanje neizkorišèanih olajšav iz obveznosti iz Sklada federacije v letu 1990.
1990-12-06-DruzPolZb-s009-02,16.739266198282593,"Pri tem glasujemo za zakon o intervenciji v gospodarstvu v celoti, upoštevajoè redakcijske popravke Zakonodajno-pravne komisije."
1990-12-06-VsiZbor-s011-01,18.334985133795836,"Spoštovani predsednik skupšèine, spoštovani predsednik Predsedstva Republike Slovenije, spoštovani predsednik Izvršnega sveta, èlani vlade, èlani predsedstva, poslanke, poslanci."
1990-12-06-ZbObc-s009-02,17.485530546623796,"Upam pa, da se bodo res ta sredstva v pretežni meri namenjala za odpiranje novih delovnih mest."
1990-12-06-ZbZdruDel-s011-02,19.418355184743742,"Tam naj bi ostalo v ednini svetovalne organizacije, ker ena bo dala tisto mnenje, ne bo pa teh veè."
1990-12-11-DruzPolZb-s009-03,16.101481481481482,"Tako da pri kakršnikoli zavesti ne bo mogel samovoljno delati, èe je to vprašanje pri soodloèanju."
1990-12-11-ZbObc-s009-03,14.68666140489345,"To je odlok o soglasju zakona o temeljih geološke dejavnosti, pomembne za vso državo."
1990-12-11-ZbZdruDel-s011-03,18.630020080321284,"S tem bi lahko država intervenirala v posamezne panoge, jih kapitalsko sanirala, zagotovila kapital, zato da se prestrukturirajo."
1990-12-19-DruzPolZb-s009-04,11.169811320754716,"Izvršni svet ne podpira, Zakonodajno-pravna komisija ne podpira, predlagatelj tudi ne."
1990-12-19-DruzPolZb-s010-01,16.91044037605146,"Ker sta ga Zbor obèin in Zbor združenega dela sprejela v enaki obliki, je potem tako:"
1990-12-19-ZbObc-s010-01,17.542316784869975,"V kolikor ni uspel drugi, tudi ne more tretji, èe pa je drugi, mora pa tudi tretji."
1990-12-19-ZbZdruDel-s011-04,15.294784580498867,Predlog je amandma Izvršnega sveta in enak amandma Odbora za kulturo in varstvo kulturne dedišèine.
1990-12-19-ZbZdruDel-s012-01,17.673228346456693,"To se pravi, davèni viri bodo daleè premajhni za tisto, kar se je zahtevalo po posameznih resorjih."
1990-12-20-DruzPolZb-s010-02,15.913741223671012,"Sistem, ki je delal Trabante, je v tistem hipu, ko je Trabant sreèal Renaulta, propadel."
1990-12-20-VsiZbor-s012-01,10.413157894736843,"Ne znam latinskega odgovora, da bo lahko odgovoril Jaši Zlobcu."
1990-12-20-VsiZbor-z007-01,22.669565217391305,"Do 18.12. je znesek zadržanega splošnega prometnega davka dosegel 893 milijon din, zadržanega posebnega prometnega davka za JLA pa 105 mil. din."
1990-12-20-ZbObc-s010-02,16.006134969325153,Zakljuèiti moramo tudi še 5. TOÈKO DNEVNEGA REDA - PREDLOG ZAKONA O DAVKU NA IZPLAÈANE OSEBNE DOHODKE.
1990-12-20-ZbZdruDel-s012-02,16.918115535614135,"Vseeno še imam, kljub temu, da že odhajate, PREDLOG ZAKONA O DAVKU NA IZPLAÈANE OSEBNE DOHODKE."
1990-12-26-DruzPolZb-s010-03,15.097230073487847,"Sedaj se vraèamo na amandma gospod Tomšièa, ki predlaga lestvico 17, 26, 33, 38, 45%."
1990-12-26-VsiZbor-sl001-01,22.588652482269502,Pot nenasilnega reševanja meddržavnih in drugih konfliktov ter aktivna mirovna politika Slovenije je gotovo pomembna vstopnica v evropski dom miru in nenasilja.
1990-12-26-ZbObc-s010-03,13.861278648974668,Po tem predlogu stališè Skupšèina Republike Slovenije ne daje soglasja k predloženemu zakonu.
1990-12-26-ZbZdruDel-s012-03,17.01109570041609,"Komisija za žensko politiko je predlagala,da sprejmemo še naslednji sklep: ""Izvršni svet Skupšèine Republike Slovenije naj..."
1990-12-27-DruzPolZb-s010-04,13.942929080990348,"Prosil bi vas samo eno stvar, ki se še nanaša na davèno zakonodajo."
1990-12-27-ZbObc-s010-04,18.285962624945675,"Ker je bil s tem dnevni red seje izèrpan, je zakljuèil 10. sejo Zbora obèin Skupšèine Republike Slovenije."
1990-12-27-ZbZdruDel-s012-04,16.700939745715864,"No, ustavilo se je pri predlogu zakona o finanènih intervencijah v kmetijstvo, proizvodnjo in ponudbo hrane."
1991-01-11-VsiZbor-s013-01,21.471532846715327,"Kdor je, prosim, za to, da se izloèi iz sedanjega besedila in preuèi predloge za internacionalizacijo tega vprašanja, prosim, da glasuje."
1991-01-22-DruzPolZb-s010-05,20.325948018747336,3.) Kolikšna je škoda lesnopredelovalne industrije zaradi trganja že vzpostavljenih reprodukcijskih verig in na kakšen naèin bo ta škoda nadoknadena?
1991-01-23-DruzPolZb-s011-01,15.225595516113966,Odbor za proraèun in javne finance bo zasedal jutri ob 8.00 uri v sobi 209.
1991-01-23-VsiZbor-s014-01,16.181141439205955,"Prosim odgovor oziroma zahtevam, da to jutri dobimo na klop; obravnavamo in sprejmemo ta dva zakona."
1991-01-23-ZbObc-s011-01,15.102692834322227,In v vsakem trenutku se moramo na robu 21. stoletja zavzemati za miroljubno reševanje sporov.
1991-01-23-ZbZdruDel-s013-01,14.834801762114537,"Ugotavljam, da smo s tem pooblastili službo za zakonodajo, da te redakcijske popravke opravi."
1991-01-24-DruzPolZb-s011-02,16.96868365180467,"Predlagam, da zakljuèimo ta današnji del in da tako, kot je bilo reèeno, nadaljujemo v torek."
1991-01-24-VsiZbor-z008-01,20.479518072289157,"Ja, nadaljevati ne moremo, ker nimamo kaj posebnega poèeti, nekdo je še dvignil roko, èe je kakšen izredno konstruktiven predlog."
1991-01-24-ZbObc-s011-02,16.290941811637673,"Obenem pa tudi vem, da vlada deluje na vseh možnih frontah in da je tudi prezaposlena."
1991-01-24-ZbZdruDel-s013-02,17.4635761589404,"Odloèno protestiram proti temu, ker sem poslanec slovenske skupšèine in imam prvo nalogo, da uredimo zadeve doma."
1991-01-29-DruzPolZb-s011-03,17.795136330140014,"Vsi sklici zborov doslej so bili, vse seje so bile sklicane veè kot 15 dni pred sklicem."
1991-01-30-DruzPolZb-s011-04,18.047898338220918,"Predlog komisije našemu zboru, da mi predlagamo, da se glasuje o zakonu o zasebnem delu na skupni seji."
1991-01-30-VsiZbor-z008-02,15.28135593220339,"Jaz bi se rad gospe Beblerjevi, v kolikor je v tem videla sebe, res opravièil."
1991-01-30-ZbObc-s011-03,15.664224664224664,"Gospa Vika Potoènik, gospa Štularjeva sta še prijavljeni: za tem bomo sicer lahko odšli domov."
1991-01-30-ZbZdruDel-s013-03,16.29055258467023,"Veste, predlagano je, da bi imeli naslednjo sejo šele konec februarja, ampak zadnji teden v februarju."
1991-02-20-DruzPolZb-s012-01,16.27921623512946,"Na glasovanje dajem predlog usklajevalne komisije glede amandmaja k 7. èlenu s predlogom, da ga sprejme."
1991-02-20-VsiZbor-s015-01,20.185830429732867,"Opozarjam vas na napako v predlogu, ker je v uvodnem stavku k seznamu predlaganih kandidatov pomotoma napisano ""poklicno"" namesto ""nepoklicno""."
1991-02-20-ZbObc-s012-01,18.36950904392765,S tem zakon za podroèje Republike Slovenije dopolnjujemo in s tem praktièno formiramo en del svojega pravnega reda.
1991-02-20-ZbZdruDel-s014-01,17.686274509803923,"Predlagam, da najprej sprejmemo amandma, ki ga je Družbenopolitièni zbor V ZVEZI Z ZAKONOM POZD že sprejel."
1991-03-05-DruzPolZb-s013-01,19.066666666666666,"Ob tako koncipiranem zasedanju skupšèine pokrivati vseh dogajanj, tudi delovnih teles, ki obravnavajo aktualno problematiko, dobesedno ni mogoèe slediti."
1991-03-05-VsiZbor-z009-01,21.246575342465754,"Glede na to, kaj vse se godi v naši državi in njeni okolici, raèunamo, da ga bo treba relativno kmalu popravljati."
1991-03-05-ZbObc-s013-01,18.99367396593674,"Tam imamo postavko milijardo 50 milijonov domaèih in tujih virov, 6 milijard in tako naprej, tujih virov financiranja."
1991-03-05-ZbZdruDel-s015-01,19.167129372570795,"Tukaj gre za naèelno opredelitev, za usmeritev, ki pa seveda zahteva tudi jasno razèlembo in potem razèlembi primerno porabo."
1991-03-06-DruzPolZb-s013-02,20.445714285714285,"Hkrati pa moramo ugotoviti, da je pozitiven dosežek, da predlagani osnutek, èe je tem številkam ob konceptu fleksibilnosti seveda verjeti."
1991-03-06-VsiZbor-d004-01,17.47032967032967,"Hkrati pa vas opozarjam, da ostanete tukaj, ker bo takoj v nadaljevanju skupna seja vseh treh zborov."
1991-03-06-VsiZbor-s016-01,17.309446254071663,Na glasovanje dajem predlog za razrešitev Milice Ozbiè z dolžnosti guvernerke Narodne banke s 1. aprilom 1991.
1991-03-06-ZbObc-s013-02,17.39917355371901,"Mislim, da to ni amandma k 1. èlenu, ampak je amandma, ki se doda kot nov èlen."
1991-03-06-ZbZdruDel-s015-02,17.858974358974358,"Mislim, da v zgodovini takšnega primera, gospod Šter še ni bilo in ga tudi ne bo veè."
1991-03-07-DruzPolZb-s013-03,16.01510768241723,"Ugotavljam, da je z veèino glasov sprejet sklep g. Tomažièa, da danes glasujemo o tem zakonu."
1991-03-07-VsiZbor-s016-02,13.825396825396826,V tem pogledu pomeni samo izpopolnitev teksta in o stvari ni nobenih sprememb.
1991-03-07-ZbObc-s013-03,18.034062237174094,"Tisti, ki ste pozneje prišli, ali ste ugotovili, za kateri sklep gre, ali je potrebno, da ga preberem?"
1991-03-07-ZbZdruDel-s015-03,18.562229697260932,"Lepo vas prosim, ohranite mirne živce, ker to nima nobenega smisla, da bi jih na tak naèin poškodovali."
1991-03-14-DruzPolZb-s014-01,15.737722808293926,"Nisem vas, jaz sem povedal, Metka Mencin, pardon, Sonja Lokarjeva, da imenujemo drugo delovno skupino."
1991-03-14-ZbObc-s013-04,19.35304054054054,"Ko pa privatiziramo stanovanj, ta kapital prelijemo iz obèinskega ali podjetniškega sklada v neproduktivni sklad in ga torej iznièimo."
1991-03-14-ZbObc-s014-01,18.2429718875502,"Tako smo izèrpali vse toèke dnevnega reda 14. seje, razen zadnje, to so pobude, predlogi in vprašanja delegatov."
1991-03-14-ZbZdruDel-s016-01,16.2170626349892,"In glede na to, da je to možno opraviti v torek, bi jaz tako tudi predlagal."
1991-03-19-DruzPolZb-s015-01,17.85078277886497,"Nekateri predlagajo 20 % delež tujcev, saj naj bi bil na podroèju obvešèanja že ta odstotek dovolj velik."
1991-03-19-VsiZbor-z010-01,19.23448275862069,V blodnjaku razliènih interesov in v precepu med željami in realnimi možnostmi je predlagatelj poskušal poiskati najboljšo možno pot.
1991-03-19-ZbObc-s015-01,16.772774327122153,"Predlagamo, da jim z ustrezno spremembo zakonodaje omogoèimo dokonèanje zaèetnih del po do sedaj veljavnih predpisih."
1991-03-19-ZbZdruDel-s017-01,17.675148430873623,"Kot prviè, kateri državni organ je izdal dovoljenje oziroma pooblastilo za izdajo kovanca in kdo je garant?"
1991-03-20-DruzPolZb-s013-04,20.089265536723165,3. Za razrešitev aktualnih težav na tem podroèju naj Izvršni svet nemudoma pripravi predlog sprememb obstojeèih predpisov na tem podroèju.
1991-03-20-DruzPolZb-s015-02,19.224611708482676,"Pred letom dni smo govorili o 17 oziroma 18 milijardah dolarjev dolga, ki ga je imela Jugoslavija v tujini."
1991-03-27-DruzPolZb-s016-01,18.047002398081535,Maja 1991 bi razpravljali o opredelitvah do paketa možnih sprememb posameznih davènih zakonov in tudi sprejeli svoja stališèa.
1991-03-27-VsiZbor-z011-01,19.708571428571428,"Kolikor bolj se èas odmika, toliko težje je brez nove zakonodaje zagotavljati najnujnejšo konsistenco sistema in njegovih posameznih funkcij."
1991-03-27-ZbObc-s016-01,18.61741424802111,"Res pa je, da je ekonomska situacija napravila carski rez v tem podjetju in so v težki situaciji."
1991-03-27-ZbZdruDel-s018-01,18.137254901960784,"Ta uprava, ki je naslednica prejšnjega SIS-a, dobiva 124 milijonov din za vse te naloge vkljuèno z nagradami."
1991-03-28-DruzPolZb-s016-02,13.239920159680638,"Bojim se, da je paè potrebno sredstva za to zagotoviti na drugaèen naèin."
1991-03-28-VsiZbor-s017-01,13.264758497316636,Sprašujem se tudi v imenu koga potem nastopa gospod Milan Kuèan v Splitu?
1991-03-28-ZbObc-s016-02,11.250852079072938,Kdo je za tako sestavo skupine za uskladitev predloga za proraèun?
1991-03-28-ZbZdruDel-s018-02,13.944587155963303,"Veste, jaz mislim, da najprej vam moram povedati, da niti približno nisem užaljen."
1991-03-29-DruzPolZb-s016-03,14.95879732739421,"To so vsi amandmaji, ki so bili sporni pri Družbenopolitiènem zboru in Zboru obèin."
1991-03-29-VsiZbor-d005-01,14.015432098765432,"Razumem, da posamezni poslanec razlièno glasuje - po svoji vesti, po razsodnosti, po interesih itd."
1991-03-29-ZbObc-s016-03,16.016726403823178,"To vam govorim takole praktièno zunaj seje, malo v vednost, kakšno je približno planiranje za naprej."
1991-03-29-ZbZdruDel-s018-03,14.990999099909992,"Nas je bilo 52 in potrebujemo 27 za sprejem, zato ta umik ni sprejet."
1991-04-17-DruzPolZb-s017-01,17.974917179365832,"Kdor je za tak sklep, s katerim se ne daje soglasja k citiranim zakonom, naj prosim, glasuje!"
1991-04-17-VsiZbor-d006-01,13.96875,"Ugotavljam: s 116 glasovi za, 27 proti in 11 vzdržanimi je amandma izglasovan."
1991-04-17-ZbObc-s017-01,16.27132075471698,"Prosim, Fedja Klavora, naprej prosim, Novak, Matjaž Jež, ne dr. Vivod se je opravièil za jutri."
1991-04-17-ZbZdruDel-s019-01,17.71080508474576,"In šele v tem trenutku sem kot predlagatelj dobil obrazložitev amandmajev, zakaj se z njimi ne strinja."
1991-04-18-DruzPolZb-s017-02,13.064289573203673,"Preden nadaljujemo (skupno delovno sejo), prosim samo delegate Družbenopolitiènega zbora, da ugotovimo navzoènost."
1991-04-18-VsiZbor-d007-01,11.714285714285714,Prehajamo na glasovanje o predlogu zakona o vojaški dolžnosti v celoti.
1991-04-18-ZbObc-s017-02,13.154411764705882,"Ugotovili smo, da Družbenopolitièni zbor ni umaknil amandmaja k 1. in 8. èlenu."
1991-04-18-ZbZdruDel-s019-02,13.389528193325662,Danes ob 18.00 uri je pa v teh prostorih razgovor z gospodom Sachsom.
1991-04-24-DruzPolZb-s018-01,18.936519790888724,"Gre za to, da ta komisija opravi to stvar skupaj z vlado, ker gre tudi za strokovna vprašanja."
1991-04-24-VsiZbor-s017-02,20.708446866485012,"Ker zgleda, da vsi ne slišijo, še enkrat ponavljam: Družbenopolitièni zbor naj s pritiskom na sivi gumb sporoèi svojo navzoènost."
1991-04-24-VsiZbor-s018-01,12.555813953488371,Želi besedo predstavnik predlagatelja ali želi še kdo drug razpravljati o predlogu?
1991-04-24-VsiZbor-z012-01,21.50955414012739,"Razprava bo v loèenih sejah zborov, s tem pa tudi zakljuèujemo Skupno zasedanje Zbora združenega dela, Zbora obèin in Družbenopolitiènega zbora."
1991-04-24-ZbObc-s018-01,16.69090909090909,"S tem zakljuèujem 18. sejo Zbora obèin in prosim, da greste vsi zdaj na skupno sejo."
1991-04-24-ZbZdruDel-s020-01,17.609786700125472,"Zdaj moramo pa glasovati, ker je zbor sprejel ta amandma in se strinjamo, da se ga umakne."
1991-04-25-DruzPolZb-s017-03,19.85603112840467,"In naj povem ironièno besede angleškega komika Allana Woody-ja, da je smrt najboljša pot za znižanje izdatkov v zdravstvu."
1991-05-08-DruzPolZb-s018-02,9.9,O nadaljevanju sej bomo obvestili naknadno.
1991-05-08-VsiZbor-s017-03,16.93794642857143,"Prosim generalnega sekretarja in èlane volilne komisije, da gredo v sobo 103 in prevzamejo volilni material."
1991-05-09-DruzPolZb-s019-01,17.357461024498885,"Prosil bi gospode poslance (ki množièno odhajajo), da preverimo sklepènost in èe nismo sklepèni, bomo prekinili sejo."
1991-05-09-VsiZbor-s017-04,13.532075471698112,"Kdo je za to, da se obnovi glasovanje, prostim pritisnite na sivo tipko?"
1991-05-09-VsiZbor-z013-01,22.346153846153847,"Nekateri sistemi, ki spoštujejo dejstvo, da podatki o bankah niso enako dostopni in razumljivi vsem deponentom, uvajajo zavarovanje depozitov do doloèenega zneska."
1991-05-09-ZbObc-s019-01,17.69050894085282,"In prav dr. Glaviè je za to mizo rekel: ""Hvala bogu"" za vse to je DEMOS kriv."
1991-05-09-ZbZdruDel-s021-01,23.28358208955224,"In ne strinjam se z gospodom predsednikom, ki predlaga in tudi nekaterim drugim predlagateljem, ki predlagajo da mi ne bi mogli konstruktivno delati."
1991-05-14-DruzPolZb-s018-03,19.709129511677283,"Bojim se, da bomo zdaj o petih glasovali, o petnajstih pa ne, ker ne bomo vedeli, kako se opredeliti."
1991-05-15-DruzPolZb-s019-02,18.750533049040513,"Opozarjam vas tudi, da smo dobili k temu zakonu (dva, tri, štiri), dva amandmaja, (oprostite, dvakrat sta navedena)."
1991-05-15-ZbObc-s019-02,15.524712002972873,"Gospod Gros, ali vztrajate, da to kot sklep sprejmemo, ali kot pobudo dajete, da posredujemo."
1991-05-15-ZbZdruDel-s021-02,18.075725026852847,"In vas sprašujem, kdo je za amandma, ki ga je predlagala Komisija za volitve, imenovanja in administrativne zadeve."
1991-05-21-DruzPolZb-s019-03,16.56628914057295,Predlog za izdajo zakona z osnutkom zakona je predložil v obravnavo Izvršni svet Skupšèine Republike Slovenije.
1991-05-21-ZbZdruDel-s022-01,16.096525096525095,In še toèka t): PREDLOG ZAKONA O RATIFIKACIJI EVROPSKE KONVENCIJE O KAZNOVANJU PREKRŠKOV V CESTNEM PROMETU.
1991-05-22-DruzPolZb-s017-04,13.271428571428572,"Kdo je za predlog sklepov, kot ste jih prejeli na klop in slišali?"
1991-05-22-DruzPolZb-s018-04,15.958041958041958,"Jaz sem hotel reèi, da je vlada vršila obstrukcijo, katere èlan je tudi gospod Dular."
1991-05-22-DruzPolZb-s019-04,19.783385909568874,"Gre za priznavanje legalnosti in legitimnosti, ne pa za to, ali bomo mi nekatere te odloèitve priznali ali ne."
1991-05-22-VsiZbor-z014-01,35.78082191780822,"Znanje in njegova uporaba res ni, kot smo zapisali - koren leèen - je pa potreben pogoj, seveda ni zadosten, ker potrebnost paè pomeni, da brez njega ni mogoèe rešiti problemov, pred katerimi so sodobne družbe."
1991-05-22-ZbObc-s019-03,17.26663428848956,"Ne, pravim, da ni tako zahtevno delo, tako strokovno delo, kot je pa odloèanje o usodi otrok."
1991-05-22-ZbZdruDel-s022-02,20.992984693877553,"Ugotavljam, da je zakon o funkcionarjih v državni upravi torej z amandmajem sprejet z veèino glasov v Zboru združenega dela."
1991-05-30-DruzPolZb-s019-05,16.86013986013986,"Kdo je za predlog, da se v amandmaju v naslovu beseda ""december"" zamenja z besedo ""september""."
1991-05-30-VsiZbor-s019-01,11.656330749354005,Na glasovanje dajem še predlog za soglasje k imenovanju Branka Nastrana.
1991-05-30-ZbObc-s019-04,16.86773428232503,"Najprej s tem, da poslušamo poroèilo Komisije za usklajevanje dnevnega reda, komisija je z delom konèala."
1991-05-30-ZbZdruDel-s021-03,16.498871331828443,"Ne vem, mislim, da tiste anomalije, ki so bile nakazane na ta naèin, ne moremo reševati."
1991-06-03-DruzPolZb-s019-06,16.220579538734476,"Nadaljevali bomo, kot ste bili obvešèeni, v sredo, ob 10.00 uri; jutri bodo zasedala delovna telesa."
1991-06-03-ZbObc-s019-05,13.767241379310345,"Na koncu v obrazložitvi se še napada opozicijo, da ne sodeluje pri Vladi."
1991-06-03-ZbZdruDel-s021-04,14.735987002437042,"Prosim, gospod Perko še, ker dokler prihaja gospod Perko sem, še imamo dve možnosti."
1991-06-05-DruzPolZb-s019-07,11.324894514767932,In torej se ne bomo nikdar približali nekemu upravno organizacijskemu idealu.
1991-06-05-ZbObc-s019-06,12.904956268221575,"Torej, glasujemo o vseh treh amandmajih, ki jih tudi lahko najprej preberem."
1991-06-05-ZbZdruDel-s021-05,14.096396396396397,"Kar tu ostanimo, ker je zdaj tu cel paket zakonov, kar precej jih je."
1991-06-12-DruzPolZb-s020-01,16.15581565471836,"Prosim, da se v razpravi opredelite tudi do predlaganih sklepov Odbora za proraèun in javne finance."
1991-06-12-VsiZbor-z015-01,29.483985765124554,"Upam, iskreno upam, da bo Skupšèina Slovenije, v interesu slovenskega naroda in vseh drugih narodov v naši državi, dala pozitiven odgovor na vprašanje, ki ga pred njo postavlja zgodovina."
1991-06-12-ZbObc-s020-01,19.26825396825397,"Se povsem strinjam, sem bil v tej komisiji, s tem, da naš predlog oziroma naš sklep glede pravosodja ostane."
1991-06-12-ZbZdruDel-s023-01,16.71441947565543,"Po tistem je zakljuèek, razen èe bodo nam predlagali kakšno spremembo, se bi potem dobili tu."
1991-06-19-DruzPolZb-s021-01,18.53779366700715,"Maribor - Zagreb je cesta, ki danes prevzema in bo tudi prevzemala 60 % vsega tranzita prek vseh slovenskih mej."
1991-06-19-VsiZbor-d008-01,12.886486486486486,"Kdo je za C amandma, kot je bil predlagan: Kdo je za?"
1991-06-19-VsiZbor-s020-01,7.3076923076923075,"Poglejmo, èe se je stanje kaj spremenilo."
1991-06-19-ZbObc-s021-01,18.475609756097562,"Ampak zdaj je paè zakon, ki je po mojem mnenju bistveno boljše napisan, je tudi krajši, bolj pregleden."
1991-06-19-ZbZdruDel-s024-01,19.621866295264624,"Prej, ko sem povedal obrazložitev, sem pa povedal samo, zakaj je prišlo gradivo po hitrem postopku kar na mizo."
1991-06-20-DruzPolZb-s021-02,20.647849462365592,"Duh teh pripomb gre v smer trdega tržnega liberalizma, ki na podroèju stanovanjskega gospodarstva, po mojem preprièanju, ni evropska norma."
1991-06-20-ZbObc-s021-02,15.86919315403423,"Ravno tako v bodoèem zakonu,ki ga bomo sprejemali, naj bi ta pobuda tudi veljala."
1991-06-24-VsiZbor-d008-02,12.423076923076923,"Prosim poslanke in poslance Zbora obèin, da vidimo, èe vas je veè?"
1991-06-24-VsiZbor-s021-01,23.25874125874126,"To, kar ima Jugoslavija, je daleè predimenzionirano in tudi Slovenija nikdar ne bo imela pretenzij, da bomo imeli toliko predstavništev, kolikor jih imamo."
1991-06-25-DruzPolZb-s021-03,16.31578947368421,Prehajamo na glasovanje o predlogu zakona o spremembi in dopolnitvi zakona o delavcih v državnih organih.
1991-06-25-VsiZbor-s021-02,20.43144208037825,"V hitri dinamiki sedanjega èasa bi se proces narodne erozije, ob našem majhnem številu in omejenosti nacionalnega prostora, pospešeno nadaljeval."
1991-07-10-VsiZbor-s023-01,16.673775671406002,Mi smo tisti - in pred prebivalci Slovenije odgovorni - da opravlja vlada svoje delo korektno in pošteno.
1991-07-17-DruzPolZb-s022-01,16.985563575791225,Tretje vprašanje (o tem je minister mimogrede ob drugi vprašanjih v uvodu) so nekatera vprašanja lastnine.
1991-07-17-VsiZbor-s020-02,11.672619047619047,"Tu ne gre za razširiti toèko, gre za razširitev dnevnega reda."
1991-07-17-VsiZbor-z016-01,19.96153846153846,"V zadnjih letih beležimo izjemno poveèanje predvsem predèasnih pokojnin, kar je že itak nizko stopnjo starosti samo še zniževalo."
1991-07-17-ZbObc-s022-01,18.339831059129306,"Ti ljudje se izseljujejo, mladi odhajajo, šolo so pravkar zaprli, ostaja le še fara, župnik in starejši prebivalci."
1991-07-17-ZbZdruDel-s025-01,17.151465798045603,"Mislim, da je potrebno, da Izvršni svet to uskladi, ali gre pod en ali pod drug zakon."
1991-07-18-DruzPolZb-s020-02,13.666666666666666,"Veè nas je, zdaj nas je 40 v dvorani po mojem štetju."
1991-07-18-DruzPolZb-s021-04,18.951640759930914,"Jaz sploh nisem èakal, ampak èe smo bili vsi nesramni, sem jaz tudi gor rinil na ta podium."
1991-07-18-DruzPolZb-s022-02,18.256613756613756,"Zbor bo nadaljnjo razpravo opravil na eni naslednjih sej po podanem popolnejšem pisnem poroèilu, dopolnjenem s predlogi ukrepov""."
1991-07-18-ZbObc-s022-02,17.826039387308533,Danes ste na klop prejeli predlog odloka o soglasju k predloženemu statutarnemu sklepu in poroèilo Zakonodajno-pravne komisije.
1991-07-18-ZbZdruDel-s025-02,19.543733092876465,"Zaradi tega, ker dokler je tu zraèni prostor zaprt, je vedno možnost agresije; saj to je jasno mislim vsem."
1991-07-29-VsiZbor-s022-01,21.716438356164385,"Mi ne moremo nekoga, ki je dejansko moènejši, èeprav je trenutno tako, potisniti v kot, da se potem še bolj brani."
1991-07-30-VsiZbor-s022-02,17.410326086956523,Jaz sem bil v Zagrebu in sem s strani te trojice ministrov dvanajsterice bil vprašan tri stvari.
1991-07-30-ZbZdruDel-s026-01,20.663050847457626,"Rekli so tudi, da bi se lahko dogovorili o kliringu in tako naprej, skratka o obliki, ki bi obema odgovarjala."
1991-07-31-DruzPolZb-s023-01,15.256136183689629,"Ena je ta, da zdaj nadaljujemo, druga je ta, da nadaljujemo jutri ob 10. uri."
1991-07-31-VsiZbor-s024-01,15.374798061389338,"Iz njegove uvodne besede paè ni jasno, ali smo samostojna država ali smo del Jugoslavije."
1991-07-31-ZbObc-s023-01,14.91143764892772,"Moti me tudi ponavljanje, da se mora slovensko gospodarstvo predvsem opirati na tuj kapital."
1991-07-31-ZbZdruDel-s026-02,18.708661417322833,"""Operativni del je bil v tem odloku tudi napisan, ker mi tu predlagamo, da bi operacionaliziral Izvršni svet."
1991-07-31-ZbZdruDel-s027-01,13.710514928602336,"Kdo je za sprejem zakona s spremenjenimi amandmaji, tako kot smo paè glasovali?"
1991-08-01-DruzPolZb-s023-02,19.6849087893864,"Politika osebnih dohodkov ostaja v bistvu nespremenjena, kar zadeva sistem, zato nismo ob tej priliki predlagali neke nove strategije."
1991-08-01-ZbObc-s023-02,16.981210855949897,"Imam delegatsko vprašanje, lahko pa je tudi pobuda, in sicer na iniciativo gospodarskih subjektov v obèini."
1991-08-28-DruzPolZb-s023-03,14.472440944881889,"In sedaj dajem na glasovanje zakon v celoti z amandmaji, kakor smo jih izglasovali."
1991-08-28-DruzPolZb-s024-01,18.983950212905338,"V drugem delu nekaj replik na nekatere sedanje trditve, med drugim tudi trditve, ki si jih navedel ti."
1991-08-28-VsiZbor-s025-01,20.264678471575024,"Zato, da ne bi prehitro skoèili v neko težavo, predlagam, da danes ne razpravljamo in ne sklepamo o tem sklepu."
1991-08-28-VsiZbor-z017-01,19.569444444444443,"Delavci v teh podjetjih niso v nièemer drugaèe obravnavani, kot so po predlogu zakona o lastninjenju v drugih podjetjih."
1991-08-28-ZbObc-s023-03,14.83303730017762,"Prehajamo še na zadnjo, preostalo zadevo s 23. seje našega zbora, to je na"
1991-08-28-ZbObc-s024-01,16.94267515923567,Glasujemo o predlogu za izdajo zakona o spremembah in dopolnitvah zakona o vodah s predlogom zakona.
1991-08-28-ZbZdruDel-s028-01,16.37248028045574,"Tu je pa še 20., ki pa seveda ni naš in ga je predlagal Miran Potrè."
1991-08-29-ZbObc-s024-02,20.01484135107472,Previsoki prispevki za spremembo namembnosti v kombinaciji z visokimi komunalnimi prispevki so tudi eden pomembnih vzrokov individualnega èrnograditeljstva pri nas.
1991-08-29-ZbZdruDel-s028-02,19.89483870967742,"Moram reèi, da mi je zelo nerazumljiva politika vlade, ki hoèe na vsak naèin narediti okoli tega sklada meglo."
1991-09-10-DruzPolZb-s020-03,18.20754716981132,"Pokažite mi to državo, to stranko, potem bom pa govoril, da smo mi nekaj normalnega v demokratièni državi."
1991-09-10-DruzPolZb-s023-04,11.913705583756345,Upravljajo paè lastniki in nihèe drug ne more soupravljati kot lastniki.
1991-09-10-DruzPolZb-s024-02,18.678674351585013,"Zato je prav in nujno, da se to posebej ovrednoti tako, kot je bilo v dosedanji zakonski praksi."
1991-09-11-DruzPolZb-s020-04,19.876451953537487,"Tisto, kar sem že prej rekel, da ne bo spet oèitka, da opozicija namerno zavlaèuje - zdaj ne prihajam zato."
1991-09-11-DruzPolZb-s025-01,17.6566852367688,2. Treba je na piedestal dvigniti motiviran odkup prednostnih delnic s strani menedžerjev in delavstva prek dokapitalizacije.
1991-09-11-VsiZbor-z018-01,16.338345864661655,"Pomagajo nam lahko ljudje z jasno idejo, ljudje, ki to znajo in imajo s temi izkušnje."
1991-09-11-ZbObc-s025-01,15.368995633187772,Preostane nam še glasovanje o predlogu zakona o denacionalizaciji v celoti skupaj s sprejetimi amandmaji.
1991-09-11-ZbZdruDel-s029-01,18.48802254579615,"Prosil bi vas vseeno ali je res potrebna razprava v zvezi s tem zakonom, sicer bi tudi zakljuèili."
1991-09-12-DruzPolZb-s025-02,20.480656013456688,"Jaz sem preslišala - se opravièujem, ker me ni bilo v dvorani - da je gospod predsednik Toplak že zakljuèil naèelno razpravo."
1991-09-12-ZbObc-s025-02,14.307617817947063,"V primeru PCB v izviru Idrijce smo ugotovili, da je sedanji pravilnik popolnoma neustrezen."
1991-09-12-ZbZdruDel-s029-02,13.556704839305505,"Mi se s tem pravno in moralno zavežemo, da bomo v postopku usklajevanja."
1991-09-18-DruzPolZb-s025-03,14.637697516930023,"Glede na posamezne proteste poslancev ter radijska poroèila ob 13. uri, dajem naslednjo izjavo:"
1991-09-18-ZbZdruDel-s029-03,8.80309936189608,Kdo je za zakon v celoti z amandmaji?
1991-09-19-DruzPolZb-s025-04,9.589770354906054,Zdaj pa zakljuèimo to razpravo in gremo k stvari.
1991-09-25-DruzPolZb-s025-05,13.963350785340314,Tak naèin zbiranja podatkov tudi odvraèa iskalce pomoèi od iskanja storitev v zavodih.
1991-09-26-DruzPolZb-s025-06,12.800204918032787,Skladno z vèerajšnjim sklepom bi morali sedaj glasovati o dopolnitvi dnevnega reda.
1991-09-26-ZbZdruDel-s030-01,19.053799596503026,"Za to nam gre, da ne govorim o tem, da niti približno ne vemo, koliko Slovencev je teh lastnikov."
1991-10-02-DruzPolZb-s025-07,13.444444444444445,"Predlagani so: Sonja Lokar, Marjan Podobnik, France Tomšiè, Bogomir Vaupotiè in Ignac Polajnar."
1991-10-02-VsiZbor-s026-01,18.53538212697129,"Izgleda, da moramo še enkrat ponoviti, ali mi dovolite, da poskusimo samo za Zbor združenega dela še enkrat?"
1991-10-02-ZbObc-s025-03,10.776119402985074,"Imamo torej pet predlogov, ali kdo dodaja še kakšen predlog?"
1991-10-03-DruzPolZb-s025-08,14.477283829995114,"O tem bomo glasovali na nadaljevanju seje, to je v sredo ob 10.00 uri."
1991-10-03-ZbObc-s025-04,14.909226932668329,"Èe bi bilo tako, potem bi nas morali takoj poklicati na odgovornost in zamenjati."
1991-10-03-ZbZdruDel-s030-02,17.416239316239317,"No, pri nas tega nismo sploh obravnavali, ker ni bilo predlagano, zato predlagajo, da ga mi sprejmemo."
1991-10-07-DruzPolZb-s026-01,14.463087248322148,"Veèji problem je, da dva od naših èlanov nista bila usklajena sama s sabo."
1991-10-07-VsiZbor-z019-01,23.146341463414632,Torej zbori zaènejo oziroma se zberejo ob 17. uri in 15 minut in s tem zakljuèujem skupno zasedanje vseh zborov Skupšèine Republike Slovenije.
1991-10-07-ZbObc-s026-01,14.980910425844346,"Ugotavljam, da je predlog zakona o denarni enoti Republike Slovenije z veèino glasov sprejet."
1991-10-07-ZbZdruDel-s031-01,17.036942675159235,"Potem imamo pa še drugi zakon, ZAKON O UPORABI DENARNE ENOTE REPUBLIKE SLOVENIJE, TUDI Z UMAKNJENIM AMANDMAJEM."
1991-10-08-DruzPolZb-s026-02,10.625,"Poslanke in poslanci, obvešèeni smo, da se je Zbor obèin uskladil z našim zborom."
1991-10-08-ZbObc-s026-02,10.80952380952381,Zahvaljujem se vam za potrpežljivost in udeležbo in na svidenje.
1991-10-08-ZbZdruDel-s031-02,18.833333333333332,"Seja je pa v mali dvorani v sredo in upam, da bomo delali tudi v takem številu kot danes."
1991-10-09-DruzPolZb-s025-09,10.093360995850622,Sklicujem paè sejo kluba in vabim poslance na sejo kluba.
1991-10-09-ZbZdruDel-s030-03,18.03252551020408,"Ne more biti, oprostite, tako kot je sedaj rekel gospod Ban, naša razprava amaterska, ker je dejansko postala."
1991-10-10-DruzPolZb-s025-10,16.09731543624161,"In druga stvar, ki bi jo opozoril, je pa prav zdaj ob zamenjavi dinarjev za tolarje."
1991-10-23-DruzPolZb-s027-01,19.783586284429454,"Mislim, da je sedaj nekdo prisoten, pa bi gospo Markièevo poprosil, èe nam ona lahko kaj pri tem pomaga."
1991-10-23-ZbObc-s027-01,18.605273671594087,"Doda se nov 1. a èlen, ki se glasi: ""V taksni tarifi se èrta tarifna številka 4 a""."
1991-10-23-ZbZdruDel-s032-01,19.023854069223574,"Glede na to, da je naša stranka predlagala tukaj dva amandmaja, bi na kratko v nekaj besedah tudi obrazložil."
1991-10-24-DruzPolZb-s025-11,18.101214574898787,"Ne gre za amandma, gre zanesljivo za obstrukcijo zakona o denacionalizaciji in menim, da je treba to ugotoviti."
1991-10-24-DruzPolZb-s027-02,20.112842557764644,"Ker tukaj pa je tisti, ki ugotovi in danes smo stvar tako ugotovili na podlagi že prehodnih opozoril Zakonodajno-pravne komisije."
1991-10-24-ZbObc-s027-02,18.09775474956822,"To pa se je zgodilo, ne mi zameriti gospod Gros, ker ste tudi takrat zapustil dvorano in odšel."
1991-10-24-ZbZdruDel-s032-02,17.158531124048366,"Prosim vas, da se dogovorimo, ali ostanemo še dobre pol ure ali trièetrt ure in to obdelamo."
1991-10-30-DruzPolZb-s027-03,21.836528758829466,"Prosim delegate, tudi tiste, ki ste v avli, da bi vendarle zdržali v dvorani, ker drugaèe nimamo osnove za nadaljnjo sejo."
1991-10-30-ZbZdruDel-s032-03,19.43088418430884,"Zavedamo se, da za tiste vsebine zakona, kjer so prisotni razlièni interesi, ne more biti za vse zadovoljivih rešitev."
1991-11-06-DruzPolZb-s027-04,19.587051142546247,"Nekdo potrebuje, ko pride v Slovenijo, morda predvsem zašèito ustreznih organov, da se mu v Sloveniji kaj ne zgodi."
1991-11-13-ZbZdruDel-s033-01,18.209133024487095,"Možnosti, da bi se pa mi o tem opredelili in o tem nekaj povedali, pa še nismo imeli."
1991-11-20-DruzPolZb-s028-01,17.607445008460235,"Polajnar, Tomažiè, Magajna, Šuklje, Golobiè, Nemaniè, Potoènik (to je že sedem èlanov), Kreft in še gospod Balažic."
1991-11-20-VsiZbor-d009-01,12.246376811594203,"Ja, jaz sem malo prej povprašal, ali bo kdo obrazložil svoj glas."
1991-11-20-VsiZbor-s027-01,18.6044957472661,"In vendar smo dobili na klop samo predlog razrešitve gospoda Koširja, namestnika najbolj odgovorne osebe na tem podroèju."
1991-11-20-ZbObc-s028-01,17.27761627906977,"Glasujemo o predlogu zakonu o praznikih in dela prostih dnevih v Republiki Sloveniji, skupaj s sprejetimi amandmaji."
1991-11-20-ZbZdruDel-s032-04,21.435971223021582,"Zahtevamo, da se navedena problematika ponovno obravnava, predvsem oziroma samo na osnovi strokovnih argumentov in strokovno pogojenih rešitev ob sodelovanju prizadetih."
1991-11-20-ZbZdruDel-s034-01,15.92090395480226,"Ne razpravljamo o poroèilu, razpravljamo samo o tem, ali bomo imeli eno komisijo ali dve."
1991-11-21-DruzPolZb-s025-12,14.937614678899083,"Zato menim, da je to pridobitev in da je zakon še in še potreben."
1991-11-21-DruzPolZb-s027-05,13.668478260869565,"Zakonodajno-pravna komisija predlaga amandma na amandma Izvršnega sveta k 1. èlenu, svoj amandma."
1991-11-21-DruzPolZb-s028-02,19.89652448657188,"Usklajeni smo pri zakonu o praznikih in tudi o tem zakonu, spremembah in dopolnitvah zakona o izplaèevanju osebnih dohodkov."
1991-11-21-ZbObc-s027-03,19.2692793931732,"Mislim, da èe bo obrazložitev pravilna in toèno tako opredeljena, da mednarodni Rdeèi križ ne bo držal križem rok."
1991-11-21-ZbObc-s028-02,17.136826783114994,"Jaz bi odredil deset minut odmora, èez deset minut natanèno tukaj, vsi, ki nameravate sodelovati pri delu."
1991-11-21-ZbZdruDel-s034-02,17.127931769722814,"Z ozirom na to, da naš zbor ni veè 80-èlanski, ali je številka 41 merodajna za sklepènost?"
1991-12-10-DruzPolZb-s025-13,14.438818565400844,"Od tega je za zakon glasovalo 32, 4 so proti in 5 je vzdržanih."
1991-12-10-DruzPolZb-s028-03,18.922932330827066,"Sam lahko predlagam samo v našem zboru, naš zbor pa lahko predlaga isto stvar tudi drugima dvema zboroma."
1991-12-10-DruzPolZb-s029-01,13.269406392694064,Vabim pa vas jutri ob 10.00 uri k polni udeležbi; z istim elanom!
1991-12-10-ZbObc-s028-03,17.377650897226754,"No to delovno telo bi bilo vezano na naloge, ki jih postavlja zakon o obrambi in zašèiti."
1991-12-11-DruzPolZb-s027-06,14.35,"Ugotavljam, da je predlog umika z 42 glasovi za in dvema vzdržanima izglasovan."
1991-12-11-DruzPolZb-s029-02,17.922139830508474,"In dajem pobudo, da se del teh osnutkov vzame v ožji izbor kot potencialne znamke države Slovenije."
1991-12-11-VsiZbor-z020-01,28.072164948453608,"In ne glede na to, ne bi bilo dobro, èe bi prezrli, da takšen položaj kar vsiljuje prevladovanje kriterijev koristnosti in politiène oportunosti nad kriteriji ustavnosti in zakonitosti."
1991-12-11-ZbObc-s027-04,14.872340425531915,"Ugotavljam, da je predlog Zakona o dopolnitvi zakona o državljanstvu z veèino glasov sprejet."
1991-12-11-ZbObc-s029-01,18.343699731903484,"Gre za eklatantni primer, kako so se do sedaj in kako se tudi ta zakon krši pri izvajanju."
1991-12-11-ZbZdruDel-s035-01,19.314202898550725,"Tu je sedaj Boštjan Kovaèiè tudi napisal delegatsko pobudo, gospod Andrej Muren tudi, prijavil se je še gospod Drèa."
1991-12-17-DruzPolZb-s030-01,17.20409836065574,"Zavedamo se, da bo prav razumljeno, da v razvitih deželah stimulirajo porabo takih izdelkov z drugaènimi naèini."
1991-12-17-ZbObc-s030-01,17.746859903381644,"To pa obdavèi blizu 100% ali malo manj, da ne bi rekli, da je kratena svoboda tukaj."
1991-12-17-ZbZdruDel-s036-01,19.387671930718287,"Predpogoj je, da imamo milijardo dolarjev ali mark deviznih rezerv, èe hoèemo kakršnokoli monetarno politiko ali antiinflacijski program voditi."
1991-12-18-DruzPolZb-s030-02,19.394334277620395,"Lahko se investira v ekologijo, seveda nekoliko drugaèe, vendar tudi pri investiranju v ekologijo je možno zahtevati neke rezultate."
1991-12-18-VsiZbor-d010-01,8.361702127659575,Delovna seja bo predvidoma ponovno sklicana v petek.
1991-12-18-VsiZbor-z021-01,20.479166666666668,Sam zase si želim tudi nekaj politiène kulture in lepo vas pozdravlja najbolj negativna osebnost med Slovenci v tem letu.
1991-12-18-ZbObc-s030-02,19.652045342533267,"Slišali ste predlog dr. Glavièa, da se zbor opredeli glede višine, ki naj bi bila navedena v predlogu sklepa."
1991-12-18-ZbZdruDel-s036-02,16.058318264014467,"Ker èe jutri Zbor obèine ne zaseda, potem nima smisla, da pridemo jutri, to je zanesljivo."
1991-12-19-DruzPolZb-s030-03,8.865591397849462,"Vse navzoèe delegate prosim, da še zadnjiè poskušamo."
1991-12-20-DruzPolZb-s030-04,9.38162162162162,"Prosim vodje poslanskih klubov, da zagotovijo možnost nadaljevanja dela."
1991-12-20-ZbObc-s030-03,11.59504132231405,"Hvala za udeležbo in na svidenje! (Ja, pa v Tomšièevi.) Ja."
1991-12-20-ZbZdruDel-s036-03,10.327653997378768,"Jaz se oprošèam, ker moram reèi, da se maksimalno trudimo."
1991-12-23-DruzPolZb-s031-01,18.10843373493976,"Prav tako vas tudi obvešèam, da je zaprta tudi restavracija, zato prosim, da se poslužujete restavracije v Tomšièevi."
1991-12-23-VsiZbor-s028-01,19.368852459016395,"Obišèite nas v Prekmurju, naužijte se èistega zraka med zelenimi polji, grièki, vinogradi, gozdovi tega najsevernejšega kotièka slovenske države."
1991-12-23-VsiZbor-z022-01,23.445544554455445,"Sprejeto je bilo namreè naèelo, da zaradi zavarovanja neodvisnosti sodne funkcije ohranijo svoj sedanji mandat do izteka dobe, za katero so bili izvoljeni."
1991-12-23-ZbObc-s030-04,11.72782874617737,"Mislim, da nekaj amandmajev veè ali manj ne more rešiti zadeve."
1991-12-23-ZbObc-s031-01,17.516160626836434,"Prosim, da dvignete kartone in jih držite, dokler ne ugotovim, da je vse prešteto: 70 prisotnih poslancev."
1991-12-23-ZbZdruDel-s036-04,9.995843724023276,"Ta petek ja, na nadaljevanje seje Zbora združenega dela."
1991-12-23-ZbZdruDel-s037-01,17.575139146567718,"Spoštovani, komisija se je lotila dve vrsti vprašanj, in sicer vsebinske, materialne narave in vprašanj proceduralne narave."
1991-12-27-DruzPolZb-s030-05,10.858979353330737,K 38. èlenu sta v našem zboru vložena dva amandmaja.
1991-12-27-VsiZbor-d010-02,5.45,Zato prekinjam 10. delovno sejo.
1991-12-27-VsiZbor-d011-01,13.503355704697986,"Èisto niè se ne zavzemam, nimam kmetije in je tudi ne mislim imeti."
1991-12-27-ZbObc-s030-05,12.393810936837642,"Že, samo to je v primeru, da bi bili mi veèinoma tukaj."
1991-12-27-ZbZdruDel-s036-05,10.565066109951287,"Potem bomo tudi zakljuèili, samo da vidimo to pokojninsko invalidsko."
1992-01-14-DruzPolZb-s030-06,16.808644400785855,"Kar pomeni, da je kultura to že davno zaèela delati in na nek naèin tudi uèinkovito."
1992-01-14-ZbObc-s030-06,13.078589790672053,"Mislim, da je ta sklep nekako skregan z logiko dela in ni izvedljiv."
1992-01-15-DruzPolZb-s032-01,18.771803278688523,"Drugo je pa seveda, kdo se bo pri njem zaposlil, tu bo pa pravzaprav moral on prikazati interes."
1992-01-15-VsiZbor-d010-03,14.301136363636363,"Ker ni v tem tekstu usklajevalne komisije niè kaj takega napisano, kar tule predlagate."
1992-01-15-VsiZbor-d011-02,11.175438596491228,"In še zdaj se mi zdi, da je tako bolj prav."
1992-01-15-VsiZbor-s029-01,10.477124183006536,"Predlog ste prejeli, enako mnenje javnega tožilca in naše komisije."
1992-01-15-ZbObc-s030-07,18.644516129032258,"Temu se potem prištejejo prenosi po novi zakonski ureditvi in odšteje participacije, ki jo predvidevamo za letošnje leto."
1992-01-15-ZbObc-s032-01,14.420731707317072,"Ugotavljam, da predlog ni dobil potrebne podpore, da bi bil uvršèen na dnevni red."
1992-01-15-ZbZdruDel-s036-06,19.082461538461537,"Kotizacija za ta seminar, kar pa je bila v bistvu samo obrazlaga zakona, je znašala 2.100 SLT po udeležencu."
1992-01-16-DruzPolZb-s030-07,15.786447638603697,"In to zato, da bo možno do 22., èe bo potrebno, opraviti še dodatno usklajevanje. ..."
1992-01-16-DruzPolZb-s032-02,17.950455005055613,"Predlagatelj je pripravil barvni del, kaže pa da v službah kopija ni uspela in da je èrno-bela."
1992-01-16-ZbObc-s030-08,13.372372372372372,"Mislim, da je to spet v skladu s to kampanjo okoli abortusov, itd."
1992-01-16-ZbObc-s032-02,19.07205513784461,"Ugotavljam, da je z veèino glasov sprejet predlog sklepa, s katerim je naloženo Izvršnemu svetu, da pripravi predlog zakona."
1992-01-16-ZbZdruDel-s038-01,16.21995094031071,"Uskladitve v bistvu tako ali tako ne bo,ker Družbenopolitièni ni sprejel nobenih predlogov usklajevalne skupine."
1992-01-22-DruzPolZb-s030-08,14.024193548387096,"O tem, ali bo jutri nadaljevanje ali ne, boste obvešèeni dokonèno na skupni seji."
1992-01-22-DruzPolZb-s032-03,17.86018237082067,"Njegove besede, in žal, je treba reèi, da se v Sloveniji položaj zaostruje, ker prodirajo nekateri totalitarizmi!"
1992-01-22-VsiZbor-d010-04,10.666666666666666,"Mi tukaj nismo sklepèni, zato prekinjam 10. skupno delovno sejo."
1992-01-22-ZbObc-s030-09,14.594178082191782,"Glasi se takole: v drugem odstavku se pred besedo ""aktivni"" vneseta besedi ""po spolu""."
1992-01-22-ZbObc-s032-03,17.444259567387686,"Dal bi pa poslansko vprašanje, in sicer gospod ministru dr. Petru Tancigu o predlaganem nakupu super raèunalnika."
1992-01-22-ZbZdruDel-s036-07,13.627272727272727,"Tu pa je sedaj amandma, ki je nekaj podobnega, vendar bistveno bolj ozek."
1992-01-22-ZbZdruDel-s038-02,18.36216216216216,"Vemo, da so predpisi s podroèja reorganizacije poslovnih enot s sedežem matiènih firm v republikah nekdanje Jugoslavije pereèi."
1992-02-12-DruzPolZb-s030-09,16.668057210965436,"Gospod predsedujoèi, pravzaprav bi rad vprašal za dovoljenje, èe se lahko do dela mnenja vlade opredelim."
1992-02-12-DruzPolZb-s032-04,14.49792531120332,TOÈKI DNEVNEGA REDA - PREDLOG ZA IZDAJO ZAKONA O ODLIKOVANJU ÈASTNI ZNAK SVOBODE REPUBLIKE SLOVENIJE.
1992-02-12-VsiZbor-s030-01,13.102112676056338,"Naslednje, preberem poroèilo, iz glasovanja za izvolitev treh sodnikov ustavnega sodišèa Republike Slovenije."
1992-02-12-ZbObc-s030-10,14.733167082294264,"Še enkrat povem, da se paè ne grem nobenih igric, to bi rad poudaril."
1992-02-12-ZbObc-s032-04,15.711224489795919,"Ta hip bo formulacija pripravljena, ki je bila zabeležena in jo je dal gospod Gros."
1992-02-12-ZbZdruDel-s036-08,18.17439293598234,"Sedaj pa glasujemo še o predlogu zakona o zdravstvenem varstvu in zdravstvenem zavarovanju v celoti, skupaj z amandmajema."
1992-02-12-ZbZdruDel-s038-03,17.85579196217494,"Mi samo hoèemo imeti nosilca in na tak naèin, da se meni zdi, da to ni niè."
1992-02-19-VsiZbor-d011-03,8.333333333333334,"Prosim, èe ugotovimo, koliko nas je tu po zborih."
1992-02-19-VsiZbor-s031-01,18.39075447012647,"Jaz bi prosil, da toliko èasa, da se vse pripravi, potrpimo, da bi lahko potem zaèeli z delom."
1992-03-04-DruzPolZb-s033-01,16.129551552318897,"V besedilo teh dveh toèk pa se za besedo ""uèiteljev"" doda besedilo ""in drugi strokovni delavci""."
1992-03-04-ZbObc-s033-01,17.661921708185055,"Pa so tako nas Nemci, Avstrijci, pa vsi cenili po tistem ali smo bili prvi ali zadnji."
1992-03-04-ZbZdruDel-s039-01,15.728618421052632,"Najprej opravièilo kolegu Viliju, mislim, da predsedujoèi ni niè hudega mislil, je pa oèitno utrujen."
1992-03-05-DruzPolZb-s033-02,15.413473423980223,"Posebej se je tu v bistvu izražala pravna pomoè, ki jo je nudil sindikat delavcem."
1992-03-05-VsiZbor-d011-04,13.660818713450292,S tem zakljuèujem 11. delovno skupno sejo vseh treh zborov Skupšèine Republike Slovenije.
1992-03-05-ZbObc-s033-02,14.28960396039604,Zdaj bo kmalu dve leti tega in nismo videli niti še predloga za izdajo.
1992-03-05-ZbZdruDel-s039-02,16.6304,Tako so v letu 1990 in 1991 bila v drugih republikah formirana enotna javna PTT podjetja.
1992-03-11-DruzPolZb-s034-01,19.968605249614,"Ne govorim za primerjavo, ker se ne more ne delavec, ne zdravstveni delavec, ne kdorkoli primerjati s takimi podatki."
1992-03-11-VsiZbor-z023-01,19.482758620689655,Dal bi samo kratko obvestilo: v sobi 311 takoj sedaj zaseda delovna skupina za zakon o zamudni obrestni meri.
1992-03-11-ZbObc-s032-05,12.08,"Glasujemo najprej o prvem predlogu, da zbor umakne amandma k 4. èlenu."
1992-03-11-ZbObc-s033-03,22.746305418719214,"In zamerim vsem, ki jemljejo te sporazume tako kot sporazum o maloobmejnem prometu, ali pa o jabolkah in hruškah in tako naprej."
1992-03-11-ZbObc-s034-01,17.07055682684973,"Sklepènost je bila podana, tako da ugotavljam, da je z veèino glasov tudi ta predlog sklepa sprejet."
1992-03-11-ZbZdruDel-s040-01,20.276315789473685,1. Da Vlada Republike Slovenije pripravi rešitve za prenehanje veljavnosti tretjega odstavka 277. èlena zakona o obligacijskih razmerjih in pa
1992-03-12-DruzPolZb-s034-02,19.07808564231738,"Ker ljudje nadomešèajo kvalitetnejša, dražja živila z najenostavnejšimi vrstami kruha ali v drugih deželah drugih ustreznih virov ogljikovih hidratov."
1992-03-18-DruzPolZb-s032-05,13.989247311827956,"Ugotavljam: s 34 glasovi za, 3 proti, 5 vzdržanimi, umik amandmaja je izglasovan."
1992-03-18-DruzPolZb-s033-03,16.08151382823872,"Mimogrede naj še malo zavzdihnem, da je težko biti èlan Zelenih Slovenije v tej Dolini Šentflorjanski."
1992-03-18-DruzPolZb-s034-03,14.738255033557047,Gospod Kociper je ta predlog dodatnega sklepa zadnjiè predlagal in je tudi tukaj vložen.
1992-03-19-DruzPolZb-s035-01,16.37421875,"Zato bi morali uvesti izredno ostre sankcije za tiste državne uslužbence, ki bi zlorabili uradni položaj."
1992-03-19-ZbObc-s033-04,14.179039301310043,"Tako da je treba kar vkljuèiti: ""v podjetjih, v katerih je zastopana družbena lastnina""."
1992-03-19-ZbObc-s034-02,17.666208791208792,"In vsak, ko pride sem pravi: dragi moji dajte nam tako urediti, da bo takšna obrestna mera."
1992-03-19-ZbObc-s035-01,16.31240428790199,"Drugaèe pa pri zadevah, kjer smo danes sprejemali konène odloèitve, pa kolikor sem obvešèen, smo usklajeni."
1992-03-19-ZbZdruDel-s041-01,20.054878048780488,"Ker je to datum, ki velja že nekaj let, bi opozorili na novost, ki je posledica zakona o državnih praznikih."
1992-03-25-DruzPolZb-s034-04,14.869459129727531,"Èe ste za to, da glasujemo sedaj posamièno za vsako postavko, se držimo tega."
1992-03-25-DruzPolZb-s035-02,20.96446700507614,"Ko bo zaèenjal zakon o denacionalizaciji, je to odlièna priložnost sedaj, možnost, se pravi, da država postane lastnik, ne obèina."
1992-03-25-ZbObc-s033-05,14.846153846153847,"V tem èlenu naj se èrtajo besede ""razen, èe drug zakon ne doloèa drugaèe""."
1992-03-25-ZbObc-s034-03,13.967891426679907,"158. je naslednji; ta amandma je predlagala vlada, matièni odbor se ni opredelil."
1992-03-25-ZbObc-s035-02,22.594202898550726,"Strokovne službe so nas obvestile, da Odbor za kulturo teh dodatnih amandmajev novega besedila ni sprejel, o tem bomo dobili pisno poroèilo."
1992-03-25-ZbZdruDel-s040-02,13.83676834295136,Delovna skupina ima sestanek v èetrtek - jutri ob 14.00 uri v sobi 212.
1992-03-27-DruzPolZb-s034-05,14.873888439773646,"In sedaj moram ponovno dati na glasovanje zakon z amandmaji, kakor smo jih izglasovali."
1992-03-27-DruzPolZb-s035-03,11.403587443946188,S tem sta postala amandma gospoda in amandma Zakonodajno-pravne komisije brezpredmetna.
1992-03-27-VsiZbor-d012-01,13.674863387978142,"Nadaljujemo, še tretje prosim, nadaljujemo loèeno v ponedeljek ob 13.00 uri o proraèunu."
1992-03-27-ZbObc-s034-04,13.289885297184567,"V komisiji so: gospod Èrnej, gospod Schwarzbartl, dr. Glaviè, gospod Metelko, gospod Gros."
1992-03-27-ZbZdruDel-s040-03,14.445217391304348,"Delovne skupine so oblikovale svoj amandma na navedeni, že sprejeti amandma, ki se glasi."
1992-03-27-ZbZdruDel-s041-02,18.076470588235296,"Vlada je v bistvu to podprla, Odbor je pa tako povedal svoje, on pa predlaga èrtanje tega èlena."
1992-03-30-DruzPolZb-s034-06,14.916363636363636,"Pri prejšnjem glasovanju nas je bilo navzoèih 50, vsota pa je znašala 52, 53."
1992-03-30-VsiZbor-d013-01,15.829745596868884,"Lani sem rekel, naj se to vzame obrambi in policiji, letos tega ne bom storil."
1992-03-30-ZbObc-s034-05,15.216494845360824,"Usklajevalna komisija nam predlaga, da umaknemo amandma št. 1 iz dodatnih amandmajev, po 19. marcu."
1992-03-30-ZbZdruDel-s040-04,15.103580562659847,"Se opravièujem, ker najprej sem razumel, kot da bi zakljuèili in poèasi šli proti domu."
1992-04-08-DruzPolZb-s036-01,19.078926598263614,"Še enkrat: èe bomo konèali skupno sejo do 17. ure in 30 minut, potem še nadaljujemo danes našo sejo."
1992-04-08-VsiZbor-s032-01,16.912640901771336,"Zato se s to zadevo ne gre igrati, zlasti pa ne na koncu tako naporne seje."
1992-04-08-ZbObc-s035-03,19.316239316239315,"Gre za vprašanje enakopravne uveljavitve stanovanjskega zakona tudi za tiste, ki stanujejo in živijo v stavbah, ki so spomeniki."
1992-04-08-ZbObc-s036-01,15.566192969334331,"Lahko bi se pa morda dobili celo med tistim èasom, ko se bodo šteli glasovi."
1992-04-08-ZbZdruDel-s042-01,17.076923076923077,"Ta nevarnost je vedno hujša in èe se ne bo niè storilo, se bo to tudi zgodilo."
1992-04-09-DruzPolZb-s035-04,8.53061224489796,"Prosim pet imen: Rudi Šeligo, ga ni tukaj."
1992-04-09-DruzPolZb-s036-02,17.26605504587156,"Še majhno repliko na moje predgovornike bi si privošèil, ki govorijo, da v Istri ni bilo mej."
1992-04-22-DruzPolZb-s036-03,14.636363636363637,"S 13 za, 5 proti in 17 vzdržanimi glasovi ta amandma ni bil sprejet."
1992-04-22-DruzPolZb-s037-01,16.12890625,Vsak poslanec ima pravico predlagati predlog v skladu s poslovnikom in o predlogu je treba glasovati.
1992-04-22-VsiZbor-s033-01,17.12674599068805,"Oddanih je bilo 208 glasovnic, neveljavnih glasovnic ni bilo. za kandidata Janeza Drnovška je glasovalo 126 poslancev."
1992-04-22-ZbObc-s036-02,18.471311475409838,"Zaradi tega bi skrb za gozdno drevje izven naselij, izven urbanih naselij, prepustil tej stroki in ne gozdarstvu."
1992-04-22-ZbZdruDel-s043-01,16.949878738884397,"To je ena zadeva, se pravi da smo potrdili poroèilo skupne komisije za pripravo sporazumnega predloga."
1992-05-12-DruzPolZb-s036-04,16.932568149210905,"Zbor nalaga predlagatelju, da ob upoštevanju razprave na zboru in v delovnih telesih pripravi predlog zakona."""
1992-05-12-DruzPolZb-s037-02,13.054054054054054,Torej ne gre za nobeno podvajanje med fakulteto in to nameravano visoko šolo.
1992-05-12-ZbObc-s033-06,13.4375,Ali želi v zvezi s poroèilom komisije kdo razpravljati?
1992-05-12-ZbObc-s035-04,14.263157894736842,"Mislim, da o tem ni potrebno diskutirati in stvari so od primera do primera razliène."
1992-05-12-ZbObc-s036-03,14.188010899182562,"Kdo je torej za tak sklep, da se sprejme predlog za izdajo z osnutkom?"
1992-05-12-ZbObc-s037-01,15.010006671114077,"Mislim, da zdaj razpravo res lahko zakljuèim in predlagam zboru tak sklep, kot je obièajen."
1992-05-12-ZbObc-s038-01,13.68075117370892,"To je dolg, ki ga bomo naredili vsakemu prebivalcu Slovenije - za 500 mark."
1992-05-13-DruzPolZb-s038-01,16.763428571428573,"Zbor nalaga predlagatelju, da ob upoštevanju razprave na zboru in v delovnih telesih pripravi osnutek zakona""."
1992-05-13-VsiZbor-s034-01,11.382716049382717,"Ko pa je že do tega prišlo, ne dopušèajmo nekega brezvladja."
1992-05-13-ZbObc-s038-02,14.34393063583815,TOÈKO DNEVNEGA REDA - OBRAVNAVA PREDLOGA ZA IZDAJO ZAKONA O ZUNANJETRGOVINSKEM POSLOVANJU Z OSNUTKOM ZAKONA.
1992-05-13-ZbZdruDel-s044-01,17.848717948717947,"Mi smo tu o tem problemu dosti diskutirali, vendar v veliki meri za to mi nismo odgovorni."
1992-05-14-VsiZbor-s034-02,18.609850939727803,"Predsednik vlade, podpredsedniki in ministri bodo izrekli prisego, tako da bodo podpisali besedilo prisege, ki jo bom prebral."
1992-05-14-ZbZdruDel-s044-02,15.595854922279793,"Ve pa se, kdo je vèeraj v slovenskem parlamentu neodgovorno umaknil vse"" ... in tako naprej."
1992-05-20-DruzPolZb-s037-03,19.53191489361702,"Za danes je opravièen eden, formalno je bilo navzoèih 50, dejansko pa ste videli, da nas je bilo 41."
1992-05-20-ZbObc-s036-04,11.803921568627452,"Sicer je gospod Zakonjšek bil v tej skupini, tudi njen èlan."
1992-05-20-ZbObc-s038-03,16.906444906444907,"Tretje vprašanje se nanaša na celotno knjižnièarstvo, in sicer, kakšna je vizija razvoja knjižnièarstva v Sloveniji?"
1992-05-27-DruzPolZb-s035-05,12.507246376811594,"Ugotavljam, da se je z 41 glasovi za ta zakon soglasno izglasovan."
1992-05-27-DruzPolZb-s036-05,14.13953488372093,"Jaz tako predlagam gospoda Šeligo za èlana te skupine, gospoda Tomažièa na predlog Šelige."
1992-05-27-DruzPolZb-s037-04,20.2168905950096,"To, da bomo imeli potem tri zakone o tem, kako bo RTV-l, RTV-2, RTV-3 organizirana, je pa verjetno druga stvar."
1992-05-27-DruzPolZb-s038-02,15.92638731596829,"Ali naroèi svojim podrejenim, da zadevo speljejo ali pa pride sam in to takoj izpelje!"
1992-05-27-VsiZbor-sl002-01,18.736607142857142,"Državam, ki sprejemajo begunce iz Bosne in Hercegovine, naj priskoèi mednarodna skupnost na pomoè uèinkoviteje kot do sedaj."
1992-06-03-DruzPolZb-s037-05,19.754299754299755,"Tukaj je potrebno, bom rekel, na raèun tega, da druge države sprejmejo del teh beguncev, omiliti problem za Slovenijo."
1992-06-03-DruzPolZb-s038-03,9.472727272727273,"Vse navzoèe poslance prosim, da še enkrat ugotovimo navzoènost!"
1992-06-10-DruzPolZb-s039-01,17.681642137877613,"V najveèje težave prihaja ravno slovenska strojegradnja, ki ima v izvozu cca 70 do 90% svoje proizvodnje."
1992-06-10-VsiZbor-s035-01,15.252115059221659,Komisija ne podpira predloga predsednika vlade za imenovanje Zorana Pistotnika za namestnika ministra za kulturo.
1992-06-10-ZbObc-s039-01,16.033837293016557,"Saj, èe je kdo odšel, potem nas je res 40, ker preje nas je bilo 41."
1992-06-10-ZbZdruDel-s045-01,13.0,2. TOÈKA DNEVNEGA REDA - PREDLOG ZAKONA O USTANOVITVI VISOKE KMETIJSKE ŠOLE V MARIBORU.
1992-06-11-DruzPolZb-s039-02,20.6751179245283,"Pravzaprav je žalostno, da sedaj z najstarejšim poklicem, mislim s tistim, ki dela Slovencem, ne vemo kam bi z njim."
1992-06-11-ZbObc-s039-02,17.22538177988415,"Gospod predsednik, jaz predlagam, da to, danes smo že izmuèeni vsi, da to diskusijo nadaljujemo v sredo."
1992-06-11-ZbZdruDel-s045-02,13.01560379918589,Primer: prejšnja DO s TOZD znotraj ni bila obremenjena s takšnimi davènimi zadevami.
1992-06-17-DruzPolZb-s038-04,18.81700288184438,"2. Družbeno-politièni zbor nalaga Vladi Republiki Slovenije, da pospeši sprejemanje ukrepov in zakonov, ki jih napovedujejo zakljuèki informacije."
1992-06-17-DruzPolZb-s039-03,19.797806716929404,"Temu mnenju se pridružuje tudi Gospodarska zbornica, ki je v svojem mnenju in naših razpravah izrecno podprla predloženi koncept."
1992-06-17-ZbObc-s039-03,15.593945720250522,"Preje sem na hitro rekel, da predvidevam nadaljevanje te seje tedaj, ko bo naslednja seja."
1992-06-17-ZbZdruDel-s045-03,17.48993754337266,"Po drugi strani bi rad povedal samo primer za zemeljski plin, kjer Slovenske Železarne porabijo približno 25%."
1992-07-01-DruzPolZb-s038-05,16.816666666666666,"Ta poteza je sicer prisrèna, ker temelji na predpostavki, da imamo profesionalni poslanci izjemno visoke plaèe."
1992-07-01-DruzPolZb-s040-01,16.832390745501286,"Gospod Tomšiè, ne si privošèiti veè tega, da kogar koli žalite, pa tudi èe se smeji."
1992-07-01-VsiZbor-s035-02,10.127659574468085,To je tudi naša usmeritev v Brežicah za naslednje leto.
1992-07-01-ZbObc-s040-01,15.336561743341404,"Sedaj je tako, tudi èe še tistih pet prištejemo, je še vedno premalo za sklepènost."
1992-07-01-ZbZdruDel-s046-01,16.434231378763865,Mi bomo po tej toèki prekinili 46. sejo in bomo nadaljevali s temi tremi toèkami 22.
1992-07-02-DruzPolZb-s040-02,17.057783018867923,"Nima smisla, da zdaj po deset minut odlagamo; ugotovimo, ali imamo pogoje za nadaljevanje seje ali ne."
1992-07-02-ZbObc-s040-02,18.01077708451503,"Ali ostanemo pri tem, kar je predlagano za normalen odkup pšenice, oljne repice, sladkorne pese s spremenjeno ceno."
1992-07-08-ZbObc-s039-04,16.82324687800192,"Èe mislimo, da bomo lahko s takimi minimalnimi zakoni o lastninjenju to speljali neboleèe, se motimo."
1992-07-08-ZbObc-s040-03,16.809452363090774,"Meni se zdi, da èe smo se enkrat za nekaj zmenili, da mora to tudi držati."
1992-07-16-DruzPolZb-s037-06,17.939393939393938,"In sicer je 15. a TOÈKA iz 37. seje, to je toèka 15."
1992-07-16-DruzPolZb-s039-04,12.68041237113402,"In nismo smatrali za potrebno, da smo v tisti toèki zelo prisotni."
1992-07-16-DruzPolZb-s040-03,12.76,Z 38 glasovi za in enim proti je ta predlog poziva sprejet.
1992-07-16-DruzPolZb-s041-01,15.841255605381166,"Sploh ne gre za volitve, ampak enostavno za doloèanje èlanov državnega sveta po pooblašèenih predstavnikih."
1992-07-16-ZbObc-s039-05,14.607692307692307,"Dokazilo o narodnosti, o pripadanju narodnosti, o narodnostnem izvoru in ta dokazila so papirji."
1992-07-16-ZbObc-s041-01,15.531338226990401,"Zbor združenega dela je že tako napovedal nadaljevanje, jutri ob 10.00 uri, tudi Družbenopolitièni zbor."
1992-07-16-ZbZdruDel-s047-01,15.41430412371134,"Mislim pa, da je moje mišljenje sorodno, kot nam ga je ravnokar povedal gospod Zupanèiè."
1992-07-17-DruzPolZb-s038-06,13.628048780487806,"Vem pa, da se vsaka Vlada, in verjamem tudi ta, tega vprašanja otepa."
1992-07-17-DruzPolZb-s039-05,14.523148148148149,"Torej to pomeni, da v predlogu sklepa besedo ""slabo"" zamenjamo z besedo ""pomanjkljivo"" pripravljenega."
1992-07-17-DruzPolZb-s040-04,11.25,"Èe je kdo od èasopisnih hiš tukaj, naj to jasno napiše."
1992-07-17-ZbObc-s039-06,14.929594272076372,"Ugotavljam, da lahko takoj glasujemo o predlogu gospoda Schwarzbartla, o predlogu sklepa gospoda Schwarzbartla."
1992-07-17-ZbObc-s041-02,14.710280373831775,"Mi smo že vèeraj imenovali in pooblastili skupino poslancev, ki bo delala na usklajevanju."
1992-07-22-DruzPolZb-s042-01,15.887868852459016,"Boljše je, ampak še vedno to ni tisto, kar bi tisti, ki to poznajo, rekli."
1992-07-22-ZbObc-s042-01,16.548872180451127,"Paè se mi zdi, da ni uradno in rad bi pojasnilo, uradno oziroma od gospoda Bavèarja."
1992-07-22-ZbZdruDel-s048-01,15.569637883008356,"Ampak danes se ne vodi taka politika iz drugih razlogov, ali pa so drugi cilji."
1992-07-23-DruzPolZb-s040-05,14.101851851851851,"Sedaj pa glasujemo o zakonu, vkljuèno z amandmaji, kot smo jih izglasovali, v celoti."
1992-07-23-DruzPolZb-s042-02,14.993103448275862,"Še enkrat ugotavljamo navzoènost, prosim vodje poslanskih klubov, da ugotovijo možnost za nadaljevanje dela."
1992-07-23-ZbObc-s040-04,9.855263157894736,"Ugotavljam, da je predlog zakona z veèino glasov sprejet."
1992-07-23-ZbObc-s042-02,17.584199584199585,Na svidenje prihodnji teden; upam v sklepènem številu in tista dva dni si torej rezervirajmo za sejo.
1992-07-23-ZbZdruDel-s048-02,15.60506329113924,"Mislim, da je to tudi eden izmed razlogov, zakaj smo v taki zagati kot smo."
1992-07-29-DruzPolZb-s037-07,15.181818181818182,"Usklajevalna komisija v bistvu predlaga, da mi sprejmemo podoben sklep."
1992-07-29-DruzPolZb-s038-07,12.583333333333334,S tem bi to toèko in tudi 38. sejo zakljuèili.
1992-07-29-DruzPolZb-s039-06,11.125,"Ugotavljam, da je ta sklep sprejet."
1992-07-29-DruzPolZb-s040-06,9.666666666666666,"Torej bi se cel sklep zbora glasil:"""
1992-07-29-DruzPolZb-s041-02,13.051282051282051,"Ugotavljam, da je s 66 glasovi za in 1 proti ta zakon izglasovan."
1992-07-29-DruzPolZb-s042-03,13.946587537091988,"Reèi moram, da ne bom predlagal glasovanja dokler ne bo vsaj 64 poslancev."
1992-07-29-DruzPolZb-s043-01,17.661025385764063,"Jaz sem, mislim, med tistimi, morda 5%, ki sem bil najbolj zanesljivo tukajle; nikoli nisem neopravièeno manjkal."
1992-07-29-ZbObc-s036-05,11.2,"Ugotavljam, da je z veèino glasov tak predlog sprejet."
1992-07-29-ZbObc-s037-02,8.76923076923077,Želi o tem predlogu usklajevalne komisije kdo razpravljati?
1992-07-29-ZbObc-s041-03,15.405797101449275,"Kdo je za predlog gospoda Volka, da zbor konèno odloèanje o tej zadevi opravi jutri?"
1992-07-29-ZbObc-s043-01,17.070564516129032,"Osnova pri razvoju športa in podobnih zadev, kar se tièe vzgoje mladih, je pa v davèni politiki."
1992-07-29-ZbZdruDel-s046-02,12.283582089552239,"Slišali ste, kaj je v imenu skupne delovne komisije predlagal gospod Grašiè."
1992-07-29-ZbZdruDel-s048-03,14.104046242774567,"Torej mislim kot predstavnik zdravstva, je zame taka tehnologija izraèunavanja osebnih dohodkov absolutno nesprejemljiva."
1992-07-29-ZbZdruDel-s049-01,14.989111747851004,Predlog za izdajo zakona z osnutkom zakona je v obravnavo predložila Vlada Republike Slovenije.
1992-07-30-DruzPolZb-s042-04,18.52234993614304,"Mislim, da je tukaj že izkazana dosti velika pripravljenost tudi vlade, da upošteva tisto, kar se bomo dogovorili."
1992-07-30-DruzPolZb-s043-02,18.29230769230769,"Dvakrat je že bila po remontu zaustavljena, treba jo bo še zaustavljati, zato, ker korektno niso stvari opravljene."
1992-07-30-VsiZbor-d014-01,16.142857142857142,Tako bomo nadaljevali z našo skupno 14 delovno sejo èez toèno 10 minut.
1992-07-30-ZbObc-s040-05,16.727544910179642,"Mislim, da na to ne bi šli, da se to kot vprašanje posreduje, èe boste vztrajali."
1992-07-30-ZbObc-s043-02,20.08888888888889,"Namreè ortopedski vozièki, rezervni deli ortopedskih vozièkov so oprošèeni prometnega davka, medtem ko rezervni deli za slušne aparate pa niso."
1992-07-30-ZbZdruDel-s046-03,17.3134872417983,"Saj mi imamo, ugodno, da potem, ko sklepe preberemo, reèemo, kaj menite o sklepih, razpravljamo o sklepih."
1992-07-30-ZbZdruDel-s049-02,25.0,"SEJE DALI skozi, jih opravimo, ker bi imeli ob pol dvanajstih skupno delovno sejo, na kateri bi, èe bo potrebno, in èe bomo sposobni, uskladili volilno zakonodajo."
1992-09-09-DruzPolZb-s044-01,20.22222222222222,"Prièenjam 44. sejo Družbenopolitiènega zbora Skupšèine Republike Slovenije, ki sem jo sklical na podlagi 31. èlena zaèasnega poslovnika Skupšèine Republike Slovenije."
1992-09-09-VsiZbor-d014-02,18.203802281368823,"Sedaj, èe že delamo po poslovniku - kar naprej ga beremo - me zanima, kaj kolega Balant še dela tukaj?"
1992-09-09-VsiZbor-s036-01,9.333333333333334,"Torej, ob 18. uri se zopet dobimo tukaj."
1992-09-09-ZbObc-s044-01,24.484848484848484,"Naroèil sem, da vam, gospod Starman, posredujejo vse, kar smo na to,temo dobili, vkljuèno z dopisi, ki smo jih poslali posameznim organom."
1992-09-09-ZbZdruDel-s050-01,23.42105263157895,"Sedaj nas je prisotnih 64, 4 so opravièeni, upam, da bo še nekaj poslancev prišlo, tako da bo zbor še bolj številèno zastopan."
1992-09-10-DruzPolZb-s044-02,13.146853146853147,"Ugotavljam: z 39 za, 1 proti in 1 aktivno vzdržanim je toèka izglasovana."
1992-09-10-VsiZbor-d014-03,18.125,"Medtem ko vsi trije zbori pa nadaljujejo s sejami ob 15.00, ker moramo sprejeti še nadaljevanje volilne zakonodaje."
1992-09-10-VsiZbor-s036-02,11.433333333333334,"Prosim poslanke in poslance, ki so v avli, da pridejo v dvorano."
1992-09-10-VsiZbor-z024-01,14.232189973614776,"Ugotavljam, da je Zbor združenega dela predlog zakona soglasno in s potrebno veèino sprejel."
1992-09-10-ZbObc-s043-03,17.70401691331924,"Samo za primerjavo, imamo tudi volilne enote, kjer se za 23 oziroma 25.000 ljudi izvoli enega svetnika."
1992-09-10-ZbObc-s044-02,15.502329916123019,"Bomo o tem še kaj obvestili, da ne bi teh starih grehov vlekli še naprej."
1992-09-10-ZbZdruDel-s049-03,17.541871921182267,"Tudi tu bi predlagal, da bi sprejeli enak sklep, kot smo ga pri prejšnji toèki dnevnega reda."
1992-09-10-ZbZdruDel-s050-02,13.550438596491228,"Tu je poslanska pobuda Janeza Štularja glede suše, ali je potrebno še kaj."
1992-09-16-DruzPolZb-s042-05,12.132075471698114,"Ugotavljam, da je s 44 za in 1 vzdržanim glasom zakon sprejet."
1992-09-16-DruzPolZb-s043-03,19.462025316455698,"Glasovati moramo tudi o sklepih, ki jih je predlagal gospod Potrè in bi predlagal, da glasujemo o vsakem posebej."
1992-09-16-DruzPolZb-s044-03,18.289909236518955,"Gospod Ocvirk je govoril o tem, da bi se lahko neposredno pogajali mediji RTV in vse politiène stranke."
1992-09-16-ZbObc-s039-07,22.828892005610097,"Ob sprejemanju tega zakona naj se opravi razprava tudi o vseh zakonskih in temeljnih rešitvah, ki so povezani z zakonom o lastninjenju."
1992-09-16-ZbObc-s043-04,17.25619834710744,Nadaljevanje seje se po tem nadaljuje v toèki odloèanja o združitvi 11. in 12. toèke te seje.
1992-09-16-ZbObc-s044-03,16.413333333333334,"Skratka, da ne bo preferiran v odnosu na druge, ki so v konkurenèni bitki z njim."
1992-09-23-DruzPolZb-s044-04,11.64864864864865,"Kdo je za zakon, skupaj z amandmaji, kakor smo jih izglasovali?"
1992-09-23-DruzPolZb-s046-01,18.203076923076924,"Še eno stvar bi rekel, ker je to na nek naèin prišlo do izraza pri zakonu o strankah."
1992-09-23-VsiZbor-s036-03,12.496559633027523,"Ker je s tem dnevni red seje izèrpan, èestitam vsem novo imenovanim."
1992-09-23-ZbObc-s044-04,10.765258215962442,Takšna dela opravlja v Sloveniji cca 800 upokojencev notranjih zadev.
1992-09-23-ZbObc-s046-01,18.551505546751187,"Trenutno imam na steni predlog za sestavo te delovne skupine oziroma usklajevalne komisije: Novak, Starman, Feltrin, Zakonjšek, Štefanèiè."
1992-09-23-ZbZdruDel-s052-01,14.450426439232409,No vprašanje bi zastavil Ministrstvu za obrambo in pa mogoèe skupšèinski komisiji za obrambo.
1992-09-24-DruzPolZb-s044-05,12.38888888888889,"Ugotavljam, da je z 39 glasovi za in 1 vzdržanim predlog sprejet."
1992-09-24-DruzPolZb-s046-02,11.58989898989899,Ta zakon bi moral iti jutri v objavo v Uradnem listu.
1992-09-24-ZbObc-s044-05,10.904761904761905,"Prosil bi, da vsi pridemo v dvorano in izkoristimo èas."
1992-09-24-ZbObc-s046-02,12.331527627302275,"Prehajamo na glasovanje o predlogu usklajevalne komisije, da sprejmemo ta dodatni amandma."
1992-09-24-ZbZdruDel-s046-04,16.171105730427765,"V 34. èlenu je Zbor združenega dela sprejel besedilo, ki ga je tu vložil Zdravko Zabukovec."
1992-09-29-DruzPolZb-s042-06,10.605633802816902,"Prosim za predlog, da se paè nadomesti eno mesto."
1992-09-29-DruzPolZb-s043-04,14.206896551724139,"Ugotavljam, da je z 38 glasovi za in enim vzdržanim glasom ta sklep sprejet."
1992-09-29-DruzPolZb-s044-06,18.75130890052356,"Èeprav je zbor nesklepèen, moram ostro protestirati proti izjavi gospoda Preglja, da komisija ni sposobna opravljati svojega dela."
1992-09-29-DruzPolZb-s046-03,14.431168831168831,Sedaj prekinjamo to 46. sejo našega zbora in se vraèamo nazaj na 44. sejo.
1992-09-29-VsiZbor-s037-01,10.310344827586206,"Ugotavljam, da je predlog dnevnega reda z veèino glasov sprejet."
1992-09-29-ZbObc-s043-05,19.115479115479115,"Ne bi pa to posebej izpostavljal, je pa dejstvo, da ne moremo iti v ponovitev vsega, kar je bilo."
1992-09-29-ZbObc-s044-06,12.324444444444444,"Takoj zatem bomo nadaljevali, zdajle bi se pa posvetovali malo glede tega."
1992-09-29-ZbObc-s046-03,15.518248175182482,"Predlagam, da bi kar o vseh teh umikih glasovali skupaj, razen, èe kdo zahteva posamièno."
1992-09-29-ZbZdruDel-s052-02,12.360406091370558,"Vas pa lepo prosim, da v enakem številu ostanemo tudi še naprej."
1992-10-07-DruzPolZb-s044-07,12.25,"Èe ga ni, naj povem sam, po poroèilu DPZ ni treba glasovati v tej zadevi."
1992-10-07-DruzPolZb-s046-04,14.085106382978724,"V zvezi z pismom bi vas samo obvestil, da ta pogovor pravkar teèe."
1992-10-07-DruzPolZb-s047-01,17.84862385321101,"Mislim, da bi bila pravilno povedna oblika, ne da ""ima pravico in dolžnost dati mnenje k zakonu""."
1992-10-07-VsiZbor-d015-01,13.723849372384937,Ampak je nekdo dvakrat pritisnil ali je bilo na nek naèin to dogovorjeno.
1992-10-07-ZbObc-s043-06,13.13888888888889,"Zbor je zakljuèil obsežno razpravo, vendar pa zaradi nesklepènosti ni opravil sklepanja k tej toèki."
1992-10-07-ZbObc-s046-04,16.1455938697318,"Vendarle menim, da tudi èe ta izraz ""razpolaganje"" nadomestimo z izrazom ""upravljanje"", nismo še nièesar rešili."
1992-10-07-ZbObc-s047-01,15.144010767160161,Zakon o gozdovih je pripravljen in gre v vlado in bo paè vložen v Skupšèino.
1992-10-07-ZbZdruDel-s049-04,13.91891891891892,"Èe se spominjate, smo lahko poslušali argumente za in enako moène argumente proti."
1992-10-07-ZbZdruDel-s052-03,15.921487603305785,"Še želi kdo povedati svoje stališèe, kako bo glasoval, ker imamo tu samo en predlog."
1992-10-07-ZbZdruDel-s053-01,16.714541120381405,"Vedno pri tajnem in pri posamiènem glasovanju jemljemo v obzir števila tistih, ki so dejansko glasovali."
1992-10-08-DruzPolZb-s047-02,15.330128205128204,"Po eni strani je bilo prisotnih v skupšèini zelo malo, glasovalo jih je veliko veè."
1992-10-08-VsiZbor-d015-02,7.5625,"Prosim poslance Družbenopolitiènega zbora, da se prijavijo"
1992-10-08-ZbObc-s047-02,18.256038647342994,"Èe se strinjate, tak predlog podpiram in bi v tem smislu tudi bil pripravljen sodelovati v tej skupini."
1992-10-08-ZbZdruDel-s053-02,7.666666666666667,Vsem ostalim smo poslali in jih povabili.
1992-10-14-DruzPolZb-s047-03,16.162842012356574,"Sedaj še predlog gospoda Žareta Preglja, da se ministrstvu za zdravstvo doda še resor varstvo okolja."
1992-10-14-VsiZbor-d015-03,8.243243243243244,"Ponovno prosim, da po 7-minutnem odmoru ugotovimo navzoènost!"
1992-10-14-ZbObc-s047-03,14.333659013190035,"Tu je veèni krog in mi, solidni, kar naprej plaèujemo za tiste, ki špekulirajo."
1992-10-14-ZbObc-s048-01,13.13978494623656,"Kdo je mnenja, da naj bo delovna skupna seja ob 11.00 uri."
1992-10-14-ZbZdruDel-s053-03,17.192682926829267,"Kdor je za ta stališèa, ki nam jih je delovna skupina vseh treh zborov predlagala, naj glasuje!"
1992-10-14-ZbZdruDel-s054-01,14.709233791748527,"Nimamo to na tej toèki dnevnega reda, lepo vas prosim, pod pobude boste dali."
1992-10-15-ZbObc-s047-04,16.09771986970684,"Glasovati moramo še o predlogu zakona o jamstvu Republike Slovenije za obveznosti podjetja Petrol-Zemeljski plin, d.o.o."
1992-10-15-ZbObc-s048-02,13.887372013651877,Do sedaj ni bilo še nikakršnih ukrepov vlade v smislu 3. èlena zakona.
1992-10-21-DruzPolZb-s047-04,16.108470444850703,"Jaz bom glasoval za ta zakon danes, ker nisem imel priložnosti že pred kakima dvema letoma."
1992-10-21-DruzPolZb-s048-01,14.066666666666666,Prehajamo na 5. TOÈKO DNEVNEGA REDA - PREDLOG SPREMEMB IN DOPOLNITEV POSLOVNIKA SKUPŠÈINE REPUBLIKE SLOVENIJE.
1992-10-22-DruzPolZb-s047-05,16.28846153846154,"S tem, da je treba povedati, da nekatere niso niè odstotno oz. so nekatere 0% navzoèe."
1992-10-28-DruzPolZb-s049-01,18.69765970904491,"Z drugimi besedami, davèni predpisi so nam potrebni, da bi lahko temu ustrezno tudi se šli trg kapitala."
1992-10-28-ZbObc-s049-01,15.121488230827639,"Vmes, še eno toèko bi vsekakor obdelali, ker je iz iste branže, da tako reèem."
1992-10-28-ZbZdruDel-s055-01,13.672994779307071,"Ugotavljam, da smo uvrstili na dnevni red predlog zakona o gospodarskih javnih službah."
1992-10-29-DruzPolZb-s047-06,11.064516129032258,Zdaj glasujemo o zakonu vkljuèno z amandmaji kakor smo jih izglasovali.
1992-10-29-DruzPolZb-s049-02,17.872222222222224,"Zato ker je to tako v Zboru obèin, bomo seveda predlagali, da bi o tem glasovali 4.11."
1992-10-29-ZbObc-s039-08,12.492917847025495,"In razen tistega, kar smo prekinili ali namerno preložili na kasnejši èas."
1992-10-29-ZbObc-s042-03,11.392670157068062,Razpravo o tem aktu smo prièeli 23.7. in jo tudi prekinili.
1992-10-29-ZbObc-s047-05,9.685714285714285,Potem lahko preidemo na glasovanje o predlogu zakona.
1992-10-29-ZbObc-s049-02,14.972027972027972,"In tudi v tem smislu bi bilo tudi smiselno, da se ta dokument sprejme."
1992-10-29-ZbZdruDel-s055-02,15.983669548511047,"Ugotavljam, da smo z veèino glasov zakon o socialnem varstvu v Zboru združenega dela sprejeli."
1992-11-04-DruzPolZb-s049-03,10.365092748735245,"Prosim vse, še enkrat preverjamo, ali smo sklepèni ali nismo!"
1992-11-04-ZbObc-s049-03,11.645,"Kdo je za predlog dopolnitve Zveze svobodnih sindikatov, naj dvigne karton?"
1992-11-04-ZbZdruDel-s055-03,9.996235884567128,"Ugotavljam, da je zbor amandma sprejel z veèino glasov."
1992-11-05-DruzPolZb-s049-04,10.492537313432836,"O tem, da nismo sklepèni, nima pomena govoriti, ampak vendarle."
1992-11-05-ZbObc-s049-04,8.91587982832618,"Gospod predsednik, predlagam, da naredimo odmor za kosilo."
1992-11-05-ZbZdruDel-s055-04,18.43222506393862,"Zelo naporno bo prihodnjiè amandmaje za gozdove dvigovati roke, ko bi danes s tipkami to zelo hitro rešili."
1992-11-11-DruzPolZb-s042-07,23.055555555555557,"Ugotavljam, da je zbor z veèino glasov sklenil, da bo nedokonèane zadeve 42., 44. in 47. seje preložil na 50. sejo."
1992-11-11-DruzPolZb-s047-07,13.35135135135135,"Ugotavljam, da je z 42 glasovi za in 1 proti ta predlog sprejet."
1992-11-11-DruzPolZb-s049-05,14.616500453309158,"Predlog je proceduralne narave, da se obravnava te toèke preloži zaradi odsotnosti predstavnika Vlade."
1992-11-11-DruzPolZb-s050-01,14.574175824175825,"Ugotavljam, da je s 33 glasovi za, 3 proti in 6 vzdržanimi zakon sprejet."
1992-11-11-ZbObc-s049-05,12.316258351893095,"Jutri bi nadaljevali s to sejo, ki smo jo danes že prekinili."
1992-11-11-ZbObc-s050-01,14.22,Tu imamo Predlog zakona o gospodarskih družbah; ta se bo sedaj usklajeval na komisiji.
1992-11-11-ZbZdruDel-s055-05,12.450146627565982,"Kdo je za ta predlog, da glasujemo skupaj s predlogom v celoti?"
1992-11-11-ZbZdruDel-s056-01,17.0,"Ugotavljam, da je bil predlagani sklep soglasno sprejet in s tem smo zakljuèili to toèko dnevnega reda."
1992-11-12-DruzPolZb-s050-02,16.684596577017114,"Jaz pa trdim, da je že sedanjost èrna, samo da jo nekdo hoèe odlagati na prihodnost."
1992-11-12-ZbObc-s050-02,15.457455770850885,"Prosim poslance, da pridejo v dvorano, da bi se še enkrat, morda zadnjiè danes, prešteli."
1992-11-18-DruzPolZb-s049-06,16.42904290429043,"Ugotavljam, da s 17 glasovi za, 8 proti in 14 vzdržanimi ta sklep ni bil sprejet."
1992-11-18-DruzPolZb-s050-03,15.093167701863354,"Ponovno prosim poslance, ki to slišijo v svojih pisarnah, po hodnikih, da omogoèijo zboru delo."
1992-11-18-ZbObc-s047-06,17.563492063492063,"Se pravi, da je bil to še dodaten argument, na osnovi katerega smo se za to odloèili."
1992-11-18-ZbObc-s049-06,15.910692588092346,"Imamo revizijo in revizija bo ugotovila, kakšna bo izguba in izguba bo tudi ustrezno pokrita."
1992-11-18-ZbZdruDel-s055-06,17.229074889867842,"Namreè, terjatve Splošne plovbe do Angole praktièno da dosegajo višino dolga, ki ga ima celotna Splošna plovba."
1992-11-18-ZbZdruDel-s056-02,16.84095860566449,"Zdaj se pogovarjamo o tem, ali ta del, ta predlog uvrstimo na dnevni red ali ne."
1992-11-25-DruzPolZb-s050-04,15.614906832298137,"Zbor mora skleniti, da bo šel na naslednjo toèko, ker je sredi toèke, sredi glasovanja."
1992-11-26-DruzPolZb-s050-05,16.120198265179678,"Torej ne glede na vse, kolegice in kolegi, z opravljenim delom, mislim, da moramo biti zadovoljni."
1992-11-26-ZbObc-s043-07,8.62962962962963,"Želi besedo predstavnik skupine, ki je sklep pripravila?"
1992-11-26-ZbObc-s049-07,13.289527720739219,"Kdo je za ta amandma, ki sem ga prej prebral k 3. èlenu."
1992-11-26-ZbObc-s050-03,15.973484848484848,"Poslance prosim, da ostanejo v takem številu kot je zdaj, kajti to je visoka sklepènost."
1992-11-26-ZbZdruDel-s055-07,12.330578512396695,"Ali pustimo ta zakon in ga moramo še obravnavati, ali pa ne."
1992-11-26-ZbZdruDel-s056-03,17.84187408491947,"Brez njih bi seveda naše delo bilo okrnjeno in draga Marija in vse sodelavke in sodelavci, hvala."
